Course Round Hole,Grn Firmness,Grn Height,Stimp,AM Wind Spd,AM Wind Dir,PM Wind Spd,PM Wind Dir,Green Grass
Torrey Pines GC (South) - 1 - 1,Firm,0.9,12.5,  Var 3-6,SW, W 5-10,IW,Poa annua
Torrey Pines GC (South) - 1 - 2,Firm,0.9,12.5,  Var 3-6,SW, W 5-10,RL,Poa annua
Torrey Pines GC (South) - 1 - 3,Firm,0.9,12.5,  Var 3-6,SW, W 5-10,RL,Poa annua
Torrey Pines GC (South) - 1 - 4,Firm,0.9,12.5,  Var 3-6,SW, W 5-10,LR,Poa annua
Torrey Pines GC (South) - 1 - 5,Firm,0.9,12.5,  Var 3-6,SW, W 5-10,RL,Poa annua
Torrey Pines GC (South) - 1 - 6,Firm,0.9,12.5,  Var 3-6,SW, W 5-10,LR,Poa annua
Torrey Pines GC (South) - 1 - 7,Firm,0.9,12.5,  Var 3-6,SW, W 5-10,RL,Poa annua
Torrey Pines GC (South) - 1 - 8,Firm,0.9,12.5,  Var 3-6,SW, W 5-10,DW,Poa annua
Torrey Pines GC (South) - 1 - 9,Firm,0.9,12.5,  Var 3-6,SW, W 5-10,RL,Poa annua
Torrey Pines GC (South) - 1 - 10,Firm,0.9,12.5,  Var 3-6,SW, W 5-10,RL,Poa annua
Torrey Pines GC (South) - 1 - 11,Firm,0.9,12.5,  Var 3-6,SW, W 5-10,IW,Poa annua
Torrey Pines GC (South) - 1 - 12,Firm,0.9,12.5,  Var 3-6,SW, W 5-10,LR,Poa annua
Torrey Pines GC (South) - 1 - 13,Firm,0.9,12.5,  Var 3-6,SW, W 5-10,DW,Poa annua
Torrey Pines GC (South) - 1 - 14,Firm,0.9,12.5,  Var 3-6,SW, W 5-10,LR,Poa annua
Torrey Pines GC (South) - 1 - 15,Firm,0.9,12.5,  Var 3-6,SW, W 5-10,LR,Poa annua
Torrey Pines GC (South) - 1 - 16,Firm,0.9,12.5,  Var 3-6,SW, W 5-10,RL,Poa annua
Torrey Pines GC (South) - 1 - 17,Firm,0.9,12.5,  Var 3-6,SW, W 5-10,LR,Poa annua
Torrey Pines GC (South) - 1 - 18,Firm,0.9,12.5,  Var 3-6,SW, W 5-10,LR,Poa annua
Torrey Pines GC (South) - 2 - 1,Firm,0.9,12.5,  Var 3-6,SW, W 5-10,IW,Poa annua
Torrey Pines GC (South) - 2 - 2,Firm,0.9,12.5,  Var 3-6,SW, W 5-10,RL,Poa annua
Torrey Pines GC (South) - 2 - 3,Firm,0.9,12.5,  Var 3-6,SW, W 5-10,RL,Poa annua
Torrey Pines GC (South) - 2 - 4,Firm,0.9,12.5,  Var 3-6,SW, W 5-10,LR,Poa annua
Torrey Pines GC (South) - 2 - 5,Firm,0.9,12.5,  Var 3-6,SW, W 5-10,RL,Poa annua
Torrey Pines GC (South) - 2 - 6,Firm,0.9,12.5,  Var 3-6,SW, W 5-10,LR,Poa annua
Torrey Pines GC (South) - 2 - 7,Firm,0.9,12.5,  Var 3-6,SW, W 5-10,RL,Poa annua
Torrey Pines GC (South) - 2 - 8,Firm,0.9,12.5,  Var 3-6,SW, W 5-10,DW,Poa annua
Torrey Pines GC (South) - 2 - 9,Firm,0.9,12.5,  Var 3-6,SW, W 5-10,RL,Poa annua
Torrey Pines GC (South) - 2 - 10,Firm,0.9,12.5,  Var 3-6,SW, W 5-10,RL,Poa annua
Torrey Pines GC (South) - 2 - 11,Firm,0.9,12.5,  Var 3-6,SW, W 5-10,IW,Poa annua
Torrey Pines GC (South) - 2 - 12,Firm,0.9,12.5,  Var 3-6,SW, W 5-10,LR,Poa annua
Torrey Pines GC (South) - 2 - 13,Firm,0.9,12.5,  Var 3-6,SW, W 5-10,DW,Poa annua
Torrey Pines GC (South) - 2 - 14,Firm,0.9,12.5,  Var 3-6,SW, W 5-10,LR,Poa annua
Torrey Pines GC (South) - 2 - 15,Firm,0.9,12.5,  Var 3-6,SW, W 5-10,LR,Poa annua
Torrey Pines GC (South) - 2 - 16,Firm,0.9,12.5,  Var 3-6,SW, W 5-10,RL,Poa annua
Torrey Pines GC (South) - 2 - 17,Firm,0.9,12.5,  Var 3-6,SW, W 5-10,LR,Poa annua
Torrey Pines GC (South) - 2 - 18,Firm,0.9,12.5,  Var 3-6,SW, W 5-10,LR,Poa annua
Torrey Pines GC (South) - 3 - 1,Firm,0.9,12.5,  Calm,C, NW 4-8,RL,Poa annua
Torrey Pines GC (South) - 3 - 2,Firm,0.9,12.5,  Calm,C, NW 4-8,RL,Poa annua
Torrey Pines GC (South) - 3 - 3,Firm,0.9,12.5,  Calm,C, NW 4-8,RL,Poa annua
Torrey Pines GC (South) - 3 - 4,Firm,0.9,12.5,  Calm,C, NW 4-8,LR,Poa annua
Torrey Pines GC (South) - 3 - 5,Firm,0.9,12.5,  Calm,C, NW 4-8,RL,Poa annua
Torrey Pines GC (South) - 3 - 6,Firm,0.9,12.5,  Calm,C, NW 4-8,LR,Poa annua
Torrey Pines GC (South) - 3 - 7,Firm,0.9,12.5,  Calm,C, NW 4-8,RL,Poa annua
Torrey Pines GC (South) - 3 - 8,Firm,0.9,12.5,  Calm,C, NW 4-8,LR,Poa annua
Torrey Pines GC (South) - 3 - 9,Firm,0.9,12.5,  Calm,C, NW 4-8,RL,Poa annua
Torrey Pines GC (South) - 3 - 10,Firm,0.9,12.5,  Calm,C, NW 4-8,RL,Poa annua
Torrey Pines GC (South) - 3 - 11,Firm,0.9,12.5,  Calm,C, NW 4-8,RL,Poa annua
Torrey Pines GC (South) - 3 - 12,Firm,0.9,12.5,  Calm,C, NW 4-8,IW,Poa annua
Torrey Pines GC (South) - 3 - 13,Firm,0.9,12.5,  Calm,C, NW 4-8,DW,Poa annua
Torrey Pines GC (South) - 3 - 14,Firm,0.9,12.5,  Calm,C, NW 4-8,IW,Poa annua
Torrey Pines GC (South) - 3 - 15,Firm,0.9,12.5,  Calm,C, NW 4-8,LR,Poa annua
Torrey Pines GC (South) - 3 - 16,Firm,0.9,12.5,  Calm,C, NW 4-8,RL,Poa annua
Torrey Pines GC (South) - 3 - 17,Firm,0.9,12.5,  Calm,C, NW 4-8,LR,Poa annua
Torrey Pines GC (South) - 3 - 18,Firm,0.9,12.5,  Calm,C, NW 4-8,LR,Poa annua
Torrey Pines GC (South) - 4 - 1,Firm,0.9,12.5,  Var 4-8,SW, NE 10-20,DW,Poa annua
Torrey Pines GC (South) - 4 - 2,Firm,0.9,12.5,  Var 4-8,SW, NE 10-20,LR,Poa annua
Torrey Pines GC (South) - 4 - 3,Firm,0.9,12.5,  Var 4-8,SW, NE 10-20,DW,Poa annua
Torrey Pines GC (South) - 4 - 4,Firm,0.9,12.5,  Var 4-8,SW, NE 10-20,RL,Poa annua
Torrey Pines GC (South) - 4 - 5,Firm,0.9,12.5,  Var 4-8,SW, NE 10-20,LR,Poa annua
Torrey Pines GC (South) - 4 - 6,Firm,0.9,12.5,  Var 4-8,SW, NE 10-20,IW,Poa annua
Torrey Pines GC (South) - 4 - 7,Firm,0.9,12.5,  Var 4-8,SW, NE 10-20,LR,Poa annua
Torrey Pines GC (South) - 4 - 8,Firm,0.9,12.5,  Var 4-8,SW, NE 10-20,IW,Poa annua
Torrey Pines GC (South) - 4 - 9,Firm,0.9,12.5,  Var 4-8,SW, NE 10-20,LR,Poa annua
Torrey Pines GC (South) - 4 - 10,Firm,0.9,12.5,  Var 4-8,SW, NE 10-20,LR,Poa annua
Torrey Pines GC (South) - 4 - 11,Firm,0.9,12.5,  Var 4-8,SW, NE 10-20,RL,Poa annua
Torrey Pines GC (South) - 4 - 12,Firm,0.9,12.5,  Var 4-8,SW, NE 10-20,RL,Poa annua
Torrey Pines GC (South) - 4 - 13,Firm,0.9,12.5,  Var 4-8,SW, NE 10-20,LR,Poa annua
Torrey Pines GC (South) - 4 - 14,Firm,0.9,12.5,  Var 4-8,SW, NE 10-20,RL,Poa annua
Torrey Pines GC (South) - 4 - 15,Firm,0.9,12.5,  Var 4-8,SW, NE 10-20,RL,Poa annua
Torrey Pines GC (South) - 4 - 16,Firm,0.9,12.5,  Var 4-8,SW, NE 10-20,DW,Poa annua
Torrey Pines GC (South) - 4 - 17,Firm,0.9,12.5,  Var 4-8,SW, NE 10-20,IW,Poa annua
Torrey Pines GC (South) - 4 - 18,Firm,0.9,12.5,  Var 4-8,SW, NE 10-20,RL,Poa annua
Pebble Beach GL - 1 - 1,Medium,0.11,12,  Calm,C, 8 mph,IW,Poa annua
Pebble Beach GL - 1 - 2,Medium,0.11,12,  Calm,C, 8 mph,DW,Poa annua
Pebble Beach GL - 1 - 3,Medium,0.11,12,  Calm,C, 8 mph,DW,Poa annua
Pebble Beach GL - 1 - 4,Medium,0.11,12,  Calm,C, 8 mph,RL,Poa annua
Pebble Beach GL - 1 - 5,Medium,0.11,12,  Calm,C, 8 mph,IW,Poa annua
Pebble Beach GL - 1 - 6,Medium,0.11,12,  Calm,C, 8 mph,IW,Poa annua
Pebble Beach GL - 1 - 7,Medium,0.11,12,  Calm,C, 8 mph,LR,Poa annua
Pebble Beach GL - 1 - 8,Medium,0.11,12,  Calm,C, 8 mph,LR,Poa annua
Pebble Beach GL - 1 - 9,Medium,0.11,12,  Calm,C, 8 mph,RL,Poa annua
Pebble Beach GL - 1 - 10,Medium,0.11,12,  Calm,C, 8 mph,RL,Poa annua
Pebble Beach GL - 1 - 11,Medium,0.11,12,  Calm,C, 8 mph,RL,Poa annua
Pebble Beach GL - 1 - 12,Medium,0.11,12,  Calm,C, 8 mph,RL,Poa annua
Pebble Beach GL - 1 - 13,Medium,0.11,12,  Calm,C, 8 mph,RL,Poa annua
Pebble Beach GL - 1 - 14,Medium,0.11,12,  Calm,C, 8 mph,DW,Poa annua
Pebble Beach GL - 1 - 15,Medium,0.11,12,  Calm,C, 8 mph,LR,Poa annua
Pebble Beach GL - 1 - 16,Medium,0.11,12,  Calm,C, 8 mph,DW,Poa annua
Pebble Beach GL - 1 - 17,Medium,0.11,12,  Calm,C, 8 mph,LR,Poa annua
Pebble Beach GL - 1 - 18,Medium,0.11,12,  Calm,C, 8 mph,LR,Poa annua
Pebble Beach GL - 2 - 1,Medium,0.11,12, Calm,C, 6 mph,IW,Poa annua
Pebble Beach GL - 2 - 2,Medium,0.11,12, Calm,C, 6 mph,DW,Poa annua
Pebble Beach GL - 2 - 3,Medium,0.11,12, Calm,C, 6 mph,DW,Poa annua
Pebble Beach GL - 2 - 4,Medium,0.11,12, Calm,C, 6 mph,RL,Poa annua
Pebble Beach GL - 2 - 5,Medium,0.11,12, Calm,C, 6 mph,IW,Poa annua
Pebble Beach GL - 2 - 6,Medium,0.11,12, Calm,C, 6 mph,IW,Poa annua
Pebble Beach GL - 2 - 7,Medium,0.11,12, Calm,C, 6 mph,LR,Poa annua
Pebble Beach GL - 2 - 8,Medium,0.11,12, Calm,C, 6 mph,LR,Poa annua
Pebble Beach GL - 2 - 9,Medium,0.11,12, Calm,C, 6 mph,RL,Poa annua
Pebble Beach GL - 2 - 10,Medium,0.11,12, Calm,C, 6 mph,RL,Poa annua
Pebble Beach GL - 2 - 11,Medium,0.11,12, Calm,C, 6 mph,RL,Poa annua
Pebble Beach GL - 2 - 12,Medium,0.11,12, Calm,C, 6 mph,RL,Poa annua
Pebble Beach GL - 2 - 13,Medium,0.11,12, Calm,C, 6 mph,RL,Poa annua
Pebble Beach GL - 2 - 14,Medium,0.11,12, Calm,C, 6 mph,DW,Poa annua
Pebble Beach GL - 2 - 15,Medium,0.11,12, Calm,C, 6 mph,LR,Poa annua
Pebble Beach GL - 2 - 16,Medium,0.11,12, Calm,C, 6 mph,DW,Poa annua
Pebble Beach GL - 2 - 17,Medium,0.11,12, Calm,C, 6 mph,LR,Poa annua
Pebble Beach GL - 2 - 18,Medium,0.11,12, Calm,C, 6 mph,LR,Poa annua
Pebble Beach GL - 3 - 1,Medium,0.11,12, 8 mph,RL, 15 mph,RL,Poa annua
Pebble Beach GL - 3 - 2,Medium,0.11,12, 8 mph,DW, 15 mph,DW,Poa annua
Pebble Beach GL - 3 - 3,Medium,0.11,12, 8 mph,DW, 15 mph,DW,Poa annua
Pebble Beach GL - 3 - 4,Medium,0.11,12, 8 mph,RL, 15 mph,RL,Poa annua
Pebble Beach GL - 3 - 5,Medium,0.11,12, 8 mph,IW, 15 mph,IW,Poa annua
Pebble Beach GL - 3 - 6,Medium,0.11,12, 8 mph,IW, 15 mph,IW,Poa annua
Pebble Beach GL - 3 - 7,Medium,0.11,12, 8 mph,LR, 15 mph,LR,Poa annua
Pebble Beach GL - 3 - 8,Medium,0.11,12, 8 mph,LR, 15 mph,LR,Poa annua
Pebble Beach GL - 3 - 9,Medium,0.11,12, 8 mph,RL, 15 mph,RL,Poa annua
Pebble Beach GL - 3 - 10,Medium,0.11,12, 8 mph,RL, 15 mph,RL,Poa annua
Pebble Beach GL - 3 - 11,Medium,0.11,12, 8 mph,RL, 15 mph,RL,Poa annua
Pebble Beach GL - 3 - 12,Medium,0.11,12, 8 mph,RL, 15 mph,RL,Poa annua
Pebble Beach GL - 3 - 13,Medium,0.11,12, 8 mph,RL, 15 mph,RL,Poa annua
Pebble Beach GL - 3 - 14,Medium,0.11,12, 8 mph,LR, 15 mph,LR,Poa annua
Pebble Beach GL - 3 - 15,Medium,0.11,12, 8 mph,IW, 15 mph,IW,Poa annua
Pebble Beach GL - 3 - 16,Medium,0.11,12, 8 mph,LR, 15 mph,LR,Poa annua
Pebble Beach GL - 3 - 17,Medium,0.11,12, 8 mph,LR, 15 mph,LR,Poa annua
Pebble Beach GL - 3 - 18,Medium,0.11,12, 8 mph,LR, 15 mph,LR,Poa annua
Pebble Beach GL - 4 - 1,Medium,0.11,12, Calm,C, 10 mph,IW,Poa annua
Pebble Beach GL - 4 - 2,Medium,0.11,12, Calm,C, 10 mph,DW,Poa annua
Pebble Beach GL - 4 - 3,Medium,0.11,12, Calm,C, 10 mph,DW,Poa annua
Pebble Beach GL - 4 - 4,Medium,0.11,12, Calm,C, 10 mph,RL,Poa annua
Pebble Beach GL - 4 - 5,Medium,0.11,12, Calm,C, 10 mph,IW,Poa annua
Pebble Beach GL - 4 - 6,Medium,0.11,12, Calm,C, 10 mph,IW,Poa annua
Pebble Beach GL - 4 - 7,Medium,0.11,12, Calm,C, 10 mph,LR,Poa annua
Pebble Beach GL - 4 - 8,Medium,0.11,12, Calm,C, 10 mph,LR,Poa annua
Pebble Beach GL - 4 - 9,Medium,0.11,12, Calm,C, 10 mph,RL,Poa annua
Pebble Beach GL - 4 - 10,Medium,0.11,12, Calm,C, 10 mph,RL,Poa annua
Pebble Beach GL - 4 - 11,Medium,0.11,12, Calm,C, 10 mph,RL,Poa annua
Pebble Beach GL - 4 - 12,Medium,0.11,12, Calm,C, 10 mph,RL,Poa annua
Pebble Beach GL - 4 - 13,Medium,0.11,12, Calm,C, 10 mph,RL,Poa annua
Pebble Beach GL - 4 - 14,Medium,0.11,12, Calm,C, 10 mph,DW,Poa annua
Pebble Beach GL - 4 - 15,Medium,0.11,12, Calm,C, 10 mph,LR,Poa annua
Pebble Beach GL - 4 - 16,Medium,0.11,12, Calm,C, 10 mph,DW,Poa annua
Pebble Beach GL - 4 - 17,Medium,0.11,12, Calm,C, 10 mph,LR,Poa annua
Pebble Beach GL - 4 - 18,Medium,0.11,12, Calm,C, 10 mph,LR,Poa annua
Waialae CC - 1 - 1,Firm,0.12,11,12,RL,8,RL,Tifdwarf Bermudagrass
Waialae CC - 1 - 2,Firm,0.12,11,12,IW,8,IW,Tifdwarf Bermudagrass
Waialae CC - 1 - 3,Firm,0.12,11,12,DW,8,DW,Tifdwarf Bermudagrass
Waialae CC - 1 - 4,Firm,0.12,11,12,IW,8,IW,Tifdwarf Bermudagrass
Waialae CC - 1 - 5,Firm,0.12,11,12,RL,8,RL,Tifdwarf Bermudagrass
Waialae CC - 1 - 6,Firm,0.12,11,12,LR,8,LR,Tifdwarf Bermudagrass
Waialae CC - 1 - 7,Firm,0.12,11,12,IW,8,IW,Tifdwarf Bermudagrass
Waialae CC - 1 - 8,Firm,0.12,11,12,LR,8,LR,Tifdwarf Bermudagrass
Waialae CC - 1 - 9,Firm,0.12,11,12,LR,8,LR,Tifdwarf Bermudagrass
Waialae CC - 1 - 10,Firm,0.12,11,12,IW,8,IW,Tifdwarf Bermudagrass
Waialae CC - 1 - 11,Firm,0.12,11,12,LR,8,LR,Tifdwarf Bermudagrass
Waialae CC - 1 - 12,Firm,0.12,11,12,RL,8,RL,Tifdwarf Bermudagrass
Waialae CC - 1 - 13,Firm,0.12,11,12,LR,8,LR,Tifdwarf Bermudagrass
Waialae CC - 1 - 14,Firm,0.12,11,12,RL,8,RL,Tifdwarf Bermudagrass
Waialae CC - 1 - 15,Firm,0.12,11,12,LR,8,LR,Tifdwarf Bermudagrass
Waialae CC - 1 - 16,Firm,0.12,11,12,DW,8,DW,Tifdwarf Bermudagrass
Waialae CC - 1 - 17,Firm,0.12,11,12,DW,8,DW,Tifdwarf Bermudagrass
Waialae CC - 1 - 18,Firm,0.12,11,12,DW,8,DW,Tifdwarf Bermudagrass
Waialae CC - 2 - 1,Firm,0.12,11,    Calm,C,8,LR,Tifdwarf Bermudagrass
Waialae CC - 2 - 2,Firm,0.12,11,    Calm,C,8,DW,Tifdwarf Bermudagrass
Waialae CC - 2 - 3,Firm,0.12,11,    Calm,C,8,IW,Tifdwarf Bermudagrass
Waialae CC - 2 - 4,Firm,0.12,11,    Calm,C,8,DW,Tifdwarf Bermudagrass
Waialae CC - 2 - 5,Firm,0.12,11,    Calm,C,8,LR,Tifdwarf Bermudagrass
Waialae CC - 2 - 6,Firm,0.12,11,    Calm,C,8,RL,Tifdwarf Bermudagrass
Waialae CC - 2 - 7,Firm,0.12,11,    Calm,C,8,DW,Tifdwarf Bermudagrass
Waialae CC - 2 - 8,Firm,0.12,11,    Calm,C,8,RL,Tifdwarf Bermudagrass
Waialae CC - 2 - 9,Firm,0.12,11,    Calm,C,8,RL,Tifdwarf Bermudagrass
Waialae CC - 2 - 10,Firm,0.12,11,    Calm,C,8,DW,Tifdwarf Bermudagrass
Waialae CC - 2 - 11,Firm,0.12,11,    Calm,C,8,RL,Tifdwarf Bermudagrass
Waialae CC - 2 - 12,Firm,0.12,11,    Calm,C,8,LR,Tifdwarf Bermudagrass
Waialae CC - 2 - 13,Firm,0.12,11,    Calm,C,8,RL,Tifdwarf Bermudagrass
Waialae CC - 2 - 14,Firm,0.12,11,    Calm,C,8,LR,Tifdwarf Bermudagrass
Waialae CC - 2 - 15,Firm,0.12,11,    Calm,C,8,RL,Tifdwarf Bermudagrass
Waialae CC - 2 - 16,Firm,0.12,11,    Calm,C,8,IW,Tifdwarf Bermudagrass
Waialae CC - 2 - 17,Firm,0.12,11,    Calm,C,8,IW,Tifdwarf Bermudagrass
Waialae CC - 2 - 18,Firm,0.12,11,    Calm,C,8,IW,Tifdwarf Bermudagrass
Waialae CC - 3 - 1,Firm,0.12,11,5,DW,5,DW,Tifdwarf Bermudagrass
Waialae CC - 3 - 2,Firm,0.12,11,5,RL,5,RL,Tifdwarf Bermudagrass
Waialae CC - 3 - 3,Firm,0.12,11,5,LR,5,LR,Tifdwarf Bermudagrass
Waialae CC - 3 - 4,Firm,0.12,11,5,RL,5,RL,Tifdwarf Bermudagrass
Waialae CC - 3 - 5,Firm,0.12,11,5,DW,5,DW,Tifdwarf Bermudagrass
Waialae CC - 3 - 6,Firm,0.12,11,5,IW,5,IW,Tifdwarf Bermudagrass
Waialae CC - 3 - 7,Firm,0.12,11,5,RL,5,RL,Tifdwarf Bermudagrass
Waialae CC - 3 - 8,Firm,0.12,11,5,LR,5,LR,Tifdwarf Bermudagrass
Waialae CC - 3 - 9,Firm,0.12,11,5,IW,5,IW,Tifdwarf Bermudagrass
Waialae CC - 3 - 10,Firm,0.12,11,5,IW,5,IW,Tifdwarf Bermudagrass
Waialae CC - 3 - 11,Firm,0.12,11,5,IW,5,IW,Tifdwarf Bermudagrass
Waialae CC - 3 - 12,Firm,0.12,11,5,DW,5,DW,Tifdwarf Bermudagrass
Waialae CC - 3 - 13,Firm,0.12,11,5,IW,5,IW,Tifdwarf Bermudagrass
Waialae CC - 3 - 14,Firm,0.12,11,5,RL,5,RL,Tifdwarf Bermudagrass
Waialae CC - 3 - 15,Firm,0.12,11,5,IW,5,IW,Tifdwarf Bermudagrass
Waialae CC - 3 - 16,Firm,0.12,11,5,LR,5,LR,Tifdwarf Bermudagrass
Waialae CC - 3 - 17,Firm,0.12,11,5,DW,5,DW,Tifdwarf Bermudagrass
Waialae CC - 3 - 18,Firm,0.12,11,5,DW,5,DW,Tifdwarf Bermudagrass
Waialae CC - 4 - 1,Firm,0.12,11,5,RL,12,RL,Tifdwarf Bermudagrass
Waialae CC - 4 - 2,Firm,0.12,11,5,IW,12,IW,Tifdwarf Bermudagrass
Waialae CC - 4 - 3,Firm,0.12,11,5,DW,12,DW,Tifdwarf Bermudagrass
Waialae CC - 4 - 4,Firm,0.12,11,5,IW,12,IW,Tifdwarf Bermudagrass
Waialae CC - 4 - 5,Firm,0.12,11,5,RL,12,RL,Tifdwarf Bermudagrass
Waialae CC - 4 - 6,Firm,0.12,11,5,LR,12,LR,Tifdwarf Bermudagrass
Waialae CC - 4 - 7,Firm,0.12,11,5,IW,12,IW,Tifdwarf Bermudagrass
Waialae CC - 4 - 8,Firm,0.12,11,5,LR,12,LR,Tifdwarf Bermudagrass
Waialae CC - 4 - 9,Firm,0.12,11,5,LR,12,LR,Tifdwarf Bermudagrass
Waialae CC - 4 - 10,Firm,0.12,11,5,IW,12,IW,Tifdwarf Bermudagrass
Waialae CC - 4 - 11,Firm,0.12,11,5,LR,12,LR,Tifdwarf Bermudagrass
Waialae CC - 4 - 12,Firm,0.12,11,5,RL,12,RL,Tifdwarf Bermudagrass
Waialae CC - 4 - 13,Firm,0.12,11,5,LR,12,LR,Tifdwarf Bermudagrass
Waialae CC - 4 - 14,Firm,0.12,11,5,RL,12,RL,Tifdwarf Bermudagrass
Waialae CC - 4 - 15,Firm,0.12,11,5,LR,12,LR,Tifdwarf Bermudagrass
Waialae CC - 4 - 16,Firm,0.12,11,5,DW,12,DW,Tifdwarf Bermudagrass
Waialae CC - 4 - 17,Firm,0.12,11,5,DW,12,DW,Tifdwarf Bermudagrass
Waialae CC - 4 - 18,Firm,0.12,11,5,DW,12,DW,Tifdwarf Bermudagrass
Riviera CC - 1 - 1,Firm,0.1,12.5,  Var 5,SW, W 10,DW,Poa annua
Riviera CC - 1 - 2,Firm,0.1,12.5,  Var 5,SW, W 10,IW,Poa annua
Riviera CC - 1 - 3,Firm,0.1,12.5,  Var 5,SW, W 10,RL,Poa annua
Riviera CC - 1 - 4,Firm,0.1,12.5,  Var 5,SW, W 10,RL,Poa annua
Riviera CC - 1 - 5,Firm,0.1,12.5,  Var 5,SW, W 10,RL,Poa annua
Riviera CC - 1 - 6,Firm,0.1,12.5,  Var 5,SW, W 10,LR,Poa annua
Riviera CC - 1 - 7,Firm,0.1,12.5,  Var 5,SW, W 10,LR,Poa annua
Riviera CC - 1 - 8,Firm,0.1,12.5,  Var 5,SW, W 10,LR,Poa annua
Riviera CC - 1 - 9,Firm,0.1,12.5,  Var 5,SW, W 10,LR,Poa annua
Riviera CC - 1 - 10,Firm,0.1,12.5,  Var 5,SW, W 10,RL,Poa annua
Riviera CC - 1 - 11,Firm,0.1,12.5,  Var 5,SW, W 10,LR,Poa annua
Riviera CC - 1 - 12,Firm,0.1,12.5,  Var 5,SW, W 10,RL,Poa annua
Riviera CC - 1 - 13,Firm,0.1,12.5,  Var 5,SW, W 10,RL,Poa annua
Riviera CC - 1 - 14,Firm,0.1,12.5,  Var 5,SW, W 10,RL,Poa annua
Riviera CC - 1 - 15,Firm,0.1,12.5,  Var 5,SW, W 10,RL,Poa annua
Riviera CC - 1 - 16,Firm,0.1,12.5,  Var 5,SW, W 10,IW,Poa annua
Riviera CC - 1 - 17,Firm,0.1,12.5,  Var 5,SW, W 10,LR,Poa annua
Riviera CC - 1 - 18,Firm,0.1,12.5,  Var 5,SW, W 10,LR,Poa annua
Riviera CC - 2 - 1,Firm,0.1,12.5,  Var 5-10,SW, SW 10,RL,Poa annua
Riviera CC - 2 - 2,Firm,0.1,12.5,  Var 5-10,SW, SW 10,LR,Poa annua
Riviera CC - 2 - 3,Firm,0.1,12.5,  Var 5-10,SW, SW 10,IW,Poa annua
Riviera CC - 2 - 4,Firm,0.1,12.5,  Var 5-10,SW, SW 10,IW,Poa annua
Riviera CC - 2 - 5,Firm,0.1,12.5,  Var 5-10,SW, SW 10,IW,Poa annua
Riviera CC - 2 - 6,Firm,0.1,12.5,  Var 5-10,SW, SW 10,RL,Poa annua
Riviera CC - 2 - 7,Firm,0.1,12.5,  Var 5-10,SW, SW 10,DW,Poa annua
Riviera CC - 2 - 8,Firm,0.1,12.5,  Var 5-10,SW, SW 10,DW,Poa annua
Riviera CC - 2 - 9,Firm,0.1,12.5,  Var 5-10,SW, SW 10,LR,Poa annua
Riviera CC - 2 - 10,Firm,0.1,12.5,  Var 5-10,SW, SW 10,RL,Poa annua
Riviera CC - 2 - 11,Firm,0.1,12.5,  Var 5-10,SW, SW 10,DW,Poa annua
Riviera CC - 2 - 12,Firm,0.1,12.5,  Var 5-10,SW, SW 10,IW,Poa annua
Riviera CC - 2 - 13,Firm,0.1,12.5,  Var 5-10,SW, SW 10,IW,Poa annua
Riviera CC - 2 - 14,Firm,0.1,12.5,  Var 5-10,SW, SW 10,IW,Poa annua
Riviera CC - 2 - 15,Firm,0.1,12.5,  Var 5-10,SW, SW 10,IW,Poa annua
Riviera CC - 2 - 16,Firm,0.1,12.5,  Var 5-10,SW, SW 10,IW,Poa annua
Riviera CC - 2 - 17,Firm,0.1,12.5,  Var 5-10,SW, SW 10,DW,Poa annua
Riviera CC - 2 - 18,Firm,0.1,12.5,  Var 5-10,SW, SW 10,DW,Poa annua
Riviera CC - 3 - 1,Firm,0.1,12.5,  Calm,C, SW 5-10,RL,Poa annua
Riviera CC - 3 - 2,Firm,0.1,12.5,  Calm,C, SW 5-10,LR,Poa annua
Riviera CC - 3 - 3,Firm,0.1,12.5,  Calm,C, SW 5-10,IW,Poa annua
Riviera CC - 3 - 4,Firm,0.1,12.5,  Calm,C, SW 5-10,IW,Poa annua
Riviera CC - 3 - 5,Firm,0.1,12.5,  Calm,C, SW 5-10,IW,Poa annua
Riviera CC - 3 - 6,Firm,0.1,12.5,  Calm,C, SW 5-10,RL,Poa annua
Riviera CC - 3 - 7,Firm,0.1,12.5,  Calm,C, SW 5-10,DW,Poa annua
Riviera CC - 3 - 8,Firm,0.1,12.5,  Calm,C, SW 5-10,DW,Poa annua
Riviera CC - 3 - 9,Firm,0.1,12.5,  Calm,C, SW 5-10,LR,Poa annua
Riviera CC - 3 - 10,Firm,0.1,12.5,  Calm,C, SW 5-10,RL,Poa annua
Riviera CC - 3 - 11,Firm,0.1,12.5,  Calm,C, SW 5-10,DW,Poa annua
Riviera CC - 3 - 12,Firm,0.1,12.5,  Calm,C, SW 5-10,IW,Poa annua
Riviera CC - 3 - 13,Firm,0.1,12.5,  Calm,C, SW 5-10,IW,Poa annua
Riviera CC - 3 - 14,Firm,0.1,12.5,  Calm,C, SW 5-10,IW,Poa annua
Riviera CC - 3 - 15,Firm,0.1,12.5,  Calm,C, SW 5-10,IW,Poa annua
Riviera CC - 3 - 16,Firm,0.1,12.5,  Calm,C, SW 5-10,IW,Poa annua
Riviera CC - 3 - 17,Firm,0.1,12.5,  Calm,C, SW 5-10,DW,Poa annua
Riviera CC - 3 - 18,Firm,0.1,12.5,  Calm,C, SW 5-10,DW,Poa annua
Riviera CC - 4 - 1,Firm,0.1,12.5,  Var 5,SW, SW 10-15,RL,Poa annua
Riviera CC - 4 - 2,Firm,0.1,12.5,  Var 5,SW, SW 10-15,LR,Poa annua
Riviera CC - 4 - 3,Firm,0.1,12.5,  Var 5,SW, SW 10-15,IW,Poa annua
Riviera CC - 4 - 4,Firm,0.1,12.5,  Var 5,SW, SW 10-15,IW,Poa annua
Riviera CC - 4 - 5,Firm,0.1,12.5,  Var 5,SW, SW 10-15,IW,Poa annua
Riviera CC - 4 - 6,Firm,0.1,12.5,  Var 5,SW, SW 10-15,RL,Poa annua
Riviera CC - 4 - 7,Firm,0.1,12.5,  Var 5,SW, SW 10-15,DW,Poa annua
Riviera CC - 4 - 8,Firm,0.1,12.5,  Var 5,SW, SW 10-15,DW,Poa annua
Riviera CC - 4 - 9,Firm,0.1,12.5,  Var 5,SW, SW 10-15,LR,Poa annua
Riviera CC - 4 - 10,Firm,0.1,12.5,  Var 5,SW, SW 10-15,RL,Poa annua
Riviera CC - 4 - 11,Firm,0.1,12.5,  Var 5,SW, SW 10-15,DW,Poa annua
Riviera CC - 4 - 12,Firm,0.1,12.5,  Var 5,SW, SW 10-15,IW,Poa annua
Riviera CC - 4 - 13,Firm,0.1,12.5,  Var 5,SW, SW 10-15,IW,Poa annua
Riviera CC - 4 - 14,Firm,0.1,12.5,  Var 5,SW, SW 10-15,IW,Poa annua
Riviera CC - 4 - 15,Firm,0.1,12.5,  Var 5,SW, SW 10-15,IW,Poa annua
Riviera CC - 4 - 16,Firm,0.1,12.5,  Var 5,SW, SW 10-15,IW,Poa annua
Riviera CC - 4 - 17,Firm,0.1,12.5,  Var 5,SW, SW 10-15,DW,Poa annua
Riviera CC - 4 - 18,Firm,0.1,12.5,  Var 5,SW, SW 10-15,DW,Poa annua
TPC Scottsdale - 1 - 1,Firm,0.1,12,  Calm,C,  Calm,C,Tifeagle Bermudagrass
TPC Scottsdale - 1 - 2,Firm,0.1,12,  Calm,C,  Calm,C,Tifeagle Bermudagrass
TPC Scottsdale - 1 - 3,Firm,0.1,12,  Calm,C,  Calm,C,Tifeagle Bermudagrass
TPC Scottsdale - 1 - 4,Firm,0.1,12,  Calm,C,  Calm,C,Tifeagle Bermudagrass
TPC Scottsdale - 1 - 5,Firm,0.1,12,  Calm,C,  Calm,C,Tifeagle Bermudagrass
TPC Scottsdale - 1 - 6,Firm,0.1,12,  Calm,C,  Calm,C,Tifeagle Bermudagrass
TPC Scottsdale - 1 - 7,Firm,0.1,12,  Calm,C,  Calm,C,Tifeagle Bermudagrass
TPC Scottsdale - 1 - 8,Firm,0.1,12,  Calm,C,  Calm,C,Tifeagle Bermudagrass
TPC Scottsdale - 1 - 9,Firm,0.1,12,  Calm,C,  Calm,C,Tifeagle Bermudagrass
TPC Scottsdale - 1 - 10,Firm,0.1,12,  Calm,C,  Calm,C,Tifeagle Bermudagrass
TPC Scottsdale - 1 - 11,Firm,0.1,12,  Calm,C,  Calm,C,Tifeagle Bermudagrass
TPC Scottsdale - 1 - 12,Firm,0.1,12,  Calm,C,  Calm,C,Tifeagle Bermudagrass
TPC Scottsdale - 1 - 13,Firm,0.1,12,  Calm,C,  Calm,C,Tifeagle Bermudagrass
TPC Scottsdale - 1 - 14,Firm,0.1,12,  Calm,C,  Calm,C,Tifeagle Bermudagrass
TPC Scottsdale - 1 - 15,Firm,0.1,12,  Calm,C,  Calm,C,Tifeagle Bermudagrass
TPC Scottsdale - 1 - 16,Firm,0.1,12,  Calm,C,  Calm,C,Tifeagle Bermudagrass
TPC Scottsdale - 1 - 17,Firm,0.1,12,  Calm,C,  Calm,C,Tifeagle Bermudagrass
TPC Scottsdale - 1 - 18,Firm,0.1,12,  Calm,C,  Calm,C,Tifeagle Bermudagrass
TPC Scottsdale - 2 - 1,Firm,0.1,12,  Calm,C,  Calm,C,Tifeagle Bermudagrass
TPC Scottsdale - 2 - 2,Firm,0.1,12,  Calm,C,  Calm,C,Tifeagle Bermudagrass
TPC Scottsdale - 2 - 3,Firm,0.1,12,  Calm,C,  Calm,C,Tifeagle Bermudagrass
TPC Scottsdale - 2 - 4,Firm,0.1,12,  Calm,C,  Calm,C,Tifeagle Bermudagrass
TPC Scottsdale - 2 - 5,Firm,0.1,12,  Calm,C,  Calm,C,Tifeagle Bermudagrass
TPC Scottsdale - 2 - 6,Firm,0.1,12,  Calm,C,  Calm,C,Tifeagle Bermudagrass
TPC Scottsdale - 2 - 7,Firm,0.1,12,  Calm,C,  Calm,C,Tifeagle Bermudagrass
TPC Scottsdale - 2 - 8,Firm,0.1,12,  Calm,C,  Calm,C,Tifeagle Bermudagrass
TPC Scottsdale - 2 - 9,Firm,0.1,12,  Calm,C,  Calm,C,Tifeagle Bermudagrass
TPC Scottsdale - 2 - 10,Firm,0.1,12,  Calm,C,  Calm,C,Tifeagle Bermudagrass
TPC Scottsdale - 2 - 11,Firm,0.1,12,  Calm,C,  Calm,C,Tifeagle Bermudagrass
TPC Scottsdale - 2 - 12,Firm,0.1,12,  Calm,C,  Calm,C,Tifeagle Bermudagrass
TPC Scottsdale - 2 - 13,Firm,0.1,12,  Calm,C,  Calm,C,Tifeagle Bermudagrass
TPC Scottsdale - 2 - 14,Firm,0.1,12,  Calm,C,  Calm,C,Tifeagle Bermudagrass
TPC Scottsdale - 2 - 15,Firm,0.1,12,  Calm,C,  Calm,C,Tifeagle Bermudagrass
TPC Scottsdale - 2 - 16,Firm,0.1,12,  Calm,C,  Calm,C,Tifeagle Bermudagrass
TPC Scottsdale - 2 - 17,Firm,0.1,12,  Calm,C,  Calm,C,Tifeagle Bermudagrass
TPC Scottsdale - 2 - 18,Firm,0.1,12,  Calm,C,  Calm,C,Tifeagle Bermudagrass
TPC Scottsdale - 3 - 1,Firm,0.1,12,  Calm,C,  Calm,C,Tifeagle Bermudagrass
TPC Scottsdale - 3 - 2,Firm,0.1,12,  Calm,C,  Calm,C,Tifeagle Bermudagrass
TPC Scottsdale - 3 - 3,Firm,0.1,12,  Calm,C,  Calm,C,Tifeagle Bermudagrass
TPC Scottsdale - 3 - 4,Firm,0.1,12,  Calm,C,  Calm,C,Tifeagle Bermudagrass
TPC Scottsdale - 3 - 5,Firm,0.1,12,  Calm,C,  Calm,C,Tifeagle Bermudagrass
TPC Scottsdale - 3 - 6,Firm,0.1,12,  Calm,C,  Calm,C,Tifeagle Bermudagrass
TPC Scottsdale - 3 - 7,Firm,0.1,12,  Calm,C,  Calm,C,Tifeagle Bermudagrass
TPC Scottsdale - 3 - 8,Firm,0.1,12,  Calm,C,  Calm,C,Tifeagle Bermudagrass
TPC Scottsdale - 3 - 9,Firm,0.1,12,  Calm,C,  Calm,C,Tifeagle Bermudagrass
TPC Scottsdale - 3 - 10,Firm,0.1,12,  Calm,C,  Calm,C,Tifeagle Bermudagrass
TPC Scottsdale - 3 - 11,Firm,0.1,12,  Calm,C,  Calm,C,Tifeagle Bermudagrass
TPC Scottsdale - 3 - 12,Firm,0.1,12,  Calm,C,  Calm,C,Tifeagle Bermudagrass
TPC Scottsdale - 3 - 13,Firm,0.1,12,  Calm,C,  Calm,C,Tifeagle Bermudagrass
TPC Scottsdale - 3 - 14,Firm,0.1,12,  Calm,C,  Calm,C,Tifeagle Bermudagrass
TPC Scottsdale - 3 - 15,Firm,0.1,12,  Calm,C,  Calm,C,Tifeagle Bermudagrass
TPC Scottsdale - 3 - 16,Firm,0.1,12,  Calm,C,  Calm,C,Tifeagle Bermudagrass
TPC Scottsdale - 3 - 17,Firm,0.1,12,  Calm,C,  Calm,C,Tifeagle Bermudagrass
TPC Scottsdale - 3 - 18,Firm,0.1,12,  Calm,C,  Calm,C,Tifeagle Bermudagrass
TPC Scottsdale - 4 - 1,Firm,0.1,12,  Calm,C,  Calm,C,Tifeagle Bermudagrass
TPC Scottsdale - 4 - 2,Firm,0.1,12,  Calm,C,  Calm,C,Tifeagle Bermudagrass
TPC Scottsdale - 4 - 3,Firm,0.1,12,  Calm,C,  Calm,C,Tifeagle Bermudagrass
TPC Scottsdale - 4 - 4,Firm,0.1,12,  Calm,C,  Calm,C,Tifeagle Bermudagrass
TPC Scottsdale - 4 - 5,Firm,0.1,12,  Calm,C,  Calm,C,Tifeagle Bermudagrass
TPC Scottsdale - 4 - 6,Firm,0.1,12,  Calm,C,  Calm,C,Tifeagle Bermudagrass
TPC Scottsdale - 4 - 7,Firm,0.1,12,  Calm,C,  Calm,C,Tifeagle Bermudagrass
TPC Scottsdale - 4 - 8,Firm,0.1,12,  Calm,C,  Calm,C,Tifeagle Bermudagrass
TPC Scottsdale - 4 - 9,Firm,0.1,12,  Calm,C,  Calm,C,Tifeagle Bermudagrass
TPC Scottsdale - 4 - 10,Firm,0.1,12,  Calm,C,  Calm,C,Tifeagle Bermudagrass
TPC Scottsdale - 4 - 11,Firm,0.1,12,  Calm,C,  Calm,C,Tifeagle Bermudagrass
TPC Scottsdale - 4 - 12,Firm,0.1,12,  Calm,C,  Calm,C,Tifeagle Bermudagrass
TPC Scottsdale - 4 - 13,Firm,0.1,12,  Calm,C,  Calm,C,Tifeagle Bermudagrass
TPC Scottsdale - 4 - 14,Firm,0.1,12,  Calm,C,  Calm,C,Tifeagle Bermudagrass
TPC Scottsdale - 4 - 15,Firm,0.1,12,  Calm,C,  Calm,C,Tifeagle Bermudagrass
TPC Scottsdale - 4 - 16,Firm,0.1,12,  Calm,C,  Calm,C,Tifeagle Bermudagrass
TPC Scottsdale - 4 - 17,Firm,0.1,12,  Calm,C,  Calm,C,Tifeagle Bermudagrass
TPC Scottsdale - 4 - 18,Firm,0.1,12,  Calm,C,  Calm,C,Tifeagle Bermudagrass
TPC Summerlin - 1 - 1,Firm,0.11,11.5,  Light,SW, 10-20 mph,RL,A1/A4 Bentgrass
TPC Summerlin - 1 - 2,Firm,0.11,11.5,  Light,SW, 10-20 mph,RL,A1/A4 Bentgrass
TPC Summerlin - 1 - 3,Firm,0.11,11.5,  Light,SW, 10-20 mph,LR,A1/A4 Bentgrass
TPC Summerlin - 1 - 4,Firm,0.11,11.5,  Light,SW, 10-20 mph,RL,A1/A4 Bentgrass
TPC Summerlin - 1 - 5,Firm,0.11,11.5,  Light,SW, 10-20 mph,IW,A1/A4 Bentgrass
TPC Summerlin - 1 - 6,Firm,0.11,11.5,  Light,SW, 10-20 mph,LR,A1/A4 Bentgrass
TPC Summerlin - 1 - 7,Firm,0.11,11.5,  Light,SW, 10-20 mph,LR,A1/A4 Bentgrass
TPC Summerlin - 1 - 8,Firm,0.11,11.5,  Light,SW, 10-20 mph,DW,A1/A4 Bentgrass
TPC Summerlin - 1 - 9,Firm,0.11,11.5,  Light,SW, 10-20 mph,LR,A1/A4 Bentgrass
TPC Summerlin - 1 - 10,Firm,0.11,11.5,  Light,SW, 10-20 mph,DW,A1/A4 Bentgrass
TPC Summerlin - 1 - 11,Firm,0.11,11.5,  Light,SW, 10-20 mph,RL,A1/A4 Bentgrass
TPC Summerlin - 1 - 12,Firm,0.11,11.5,  Light,SW, 10-20 mph,DW,A1/A4 Bentgrass
TPC Summerlin - 1 - 13,Firm,0.11,11.5,  Light,SW, 10-20 mph,IW,A1/A4 Bentgrass
TPC Summerlin - 1 - 14,Firm,0.11,11.5,  Light,SW, 10-20 mph,RL,A1/A4 Bentgrass
TPC Summerlin - 1 - 15,Firm,0.11,11.5,  Light,SW, 10-20 mph,LR,A1/A4 Bentgrass
TPC Summerlin - 1 - 16,Firm,0.11,11.5,  Light,SW, 10-20 mph,LR,A1/A4 Bentgrass
TPC Summerlin - 1 - 17,Firm,0.11,11.5,  Light,SW, 10-20 mph,RL,A1/A4 Bentgrass
TPC Summerlin - 1 - 18,Firm,0.11,11.5,  Light,SW, 10-20 mph,LR,A1/A4 Bentgrass
TPC Summerlin - 2 - 1,Firm,0.11,11.5,  15-25 mph,IW, 10-20 mph,RL,A1/A4 Bentgrass
TPC Summerlin - 2 - 2,Firm,0.11,11.5,  15-25 mph,RL, 10-20 mph,RL,A1/A4 Bentgrass
TPC Summerlin - 2 - 3,Firm,0.11,11.5,  15-25 mph,LR, 10-20 mph,LR,A1/A4 Bentgrass
TPC Summerlin - 2 - 4,Firm,0.11,11.5,  15-25 mph,RL, 10-20 mph,RL,A1/A4 Bentgrass
TPC Summerlin - 2 - 5,Firm,0.11,11.5,  15-25 mph,LR, 10-20 mph,IW,A1/A4 Bentgrass
TPC Summerlin - 2 - 6,Firm,0.11,11.5,  15-25 mph,LR, 10-20 mph,LR,A1/A4 Bentgrass
TPC Summerlin - 2 - 7,Firm,0.11,11.5,  15-25 mph,DW, 10-20 mph,LR,A1/A4 Bentgrass
TPC Summerlin - 2 - 8,Firm,0.11,11.5,  15-25 mph,RL, 10-20 mph,DW,A1/A4 Bentgrass
TPC Summerlin - 2 - 9,Firm,0.11,11.5,  15-25 mph,DW, 10-20 mph,LR,A1/A4 Bentgrass
TPC Summerlin - 2 - 10,Firm,0.11,11.5,  15-25 mph,DW, 10-20 mph,DW,A1/A4 Bentgrass
TPC Summerlin - 2 - 11,Firm,0.11,11.5,  15-25 mph,RL, 10-20 mph,RL,A1/A4 Bentgrass
TPC Summerlin - 2 - 12,Firm,0.11,11.5,  15-25 mph,DW, 10-20 mph,DW,A1/A4 Bentgrass
TPC Summerlin - 2 - 13,Firm,0.11,11.5,  15-25 mph,IW, 10-20 mph,IW,A1/A4 Bentgrass
TPC Summerlin - 2 - 14,Firm,0.11,11.5,  15-25 mph,RL, 10-20 mph,RL,A1/A4 Bentgrass
TPC Summerlin - 2 - 15,Firm,0.11,11.5,  15-25 mph,LR, 10-20 mph,LR,A1/A4 Bentgrass
TPC Summerlin - 2 - 16,Firm,0.11,11.5,  15-25 mph,LR, 10-20 mph,LR,A1/A4 Bentgrass
TPC Summerlin - 2 - 17,Firm,0.11,11.5,  15-25 mph,RL, 10-20 mph,RL,A1/A4 Bentgrass
TPC Summerlin - 2 - 18,Firm,0.11,11.5,  15-25 mph,LR, 10-20 mph,LR,A1/A4 Bentgrass
TPC Summerlin - 3 - 1,Firm,0.11,11.5,  6-12 mph,RL, 15-25 mph,RL,A1/A4 Bentgrass
TPC Summerlin - 3 - 2,Firm,0.11,11.5,  6-12 mph,DW, 15-25 mph,DW,A1/A4 Bentgrass
TPC Summerlin - 3 - 3,Firm,0.11,11.5,  6-12 mph,IW, 15-25 mph,IW,A1/A4 Bentgrass
TPC Summerlin - 3 - 4,Firm,0.11,11.5,  6-12 mph,RL, 15-25 mph,RL,A1/A4 Bentgrass
TPC Summerlin - 3 - 5,Firm,0.11,11.5,  6-12 mph,IW, 15-25 mph,IW,A1/A4 Bentgrass
TPC Summerlin - 3 - 6,Firm,0.11,11.5,  6-12 mph,LR, 15-25 mph,LR,A1/A4 Bentgrass
TPC Summerlin - 3 - 7,Firm,0.11,11.5,  6-12 mph,LR, 15-25 mph,LR,A1/A4 Bentgrass
TPC Summerlin - 3 - 8,Firm,0.11,11.5,  6-12 mph,DW, 15-25 mph,DW,A1/A4 Bentgrass
TPC Summerlin - 3 - 9,Firm,0.11,11.5,  6-12 mph,LR, 15-25 mph,LR,A1/A4 Bentgrass
TPC Summerlin - 3 - 10,Firm,0.11,11.5,  6-12 mph,DW, 15-25 mph,DW,A1/A4 Bentgrass
TPC Summerlin - 3 - 11,Firm,0.11,11.5,  6-12 mph,DW, 15-25 mph,DW,A1/A4 Bentgrass
TPC Summerlin - 3 - 12,Firm,0.11,11.5,  6-12 mph,DW, 15-25 mph,DW,A1/A4 Bentgrass
TPC Summerlin - 3 - 13,Firm,0.11,11.5,  6-12 mph,IW, 15-25 mph,IW,A1/A4 Bentgrass
TPC Summerlin - 3 - 14,Firm,0.11,11.5,  6-12 mph,RL, 15-25 mph,RL,A1/A4 Bentgrass
TPC Summerlin - 3 - 15,Firm,0.11,11.5,  6-12 mph,IW, 15-25 mph,IW,A1/A4 Bentgrass
TPC Summerlin - 3 - 16,Firm,0.11,11.5,  6-12 mph,IW, 15-25 mph,IW,A1/A4 Bentgrass
TPC Summerlin - 3 - 17,Firm,0.11,11.5,  6-12 mph,DW, 15-25 mph,DW,A1/A4 Bentgrass
TPC Summerlin - 3 - 18,Firm,0.11,11.5,  6-12 mph,IW, 15-25 mph,IW,A1/A4 Bentgrass
TPC Summerlin - 4 - 1,Firm,0.11,11.5,  5-10 mph,SW, 8-15 mph,RL,A1/A4 Bentgrass
TPC Summerlin - 4 - 2,Firm,0.11,11.5,  5-10 mph,SW, 8-15 mph,DW,A1/A4 Bentgrass
TPC Summerlin - 4 - 3,Firm,0.11,11.5,  5-10 mph,SW, 8-15 mph,IW,A1/A4 Bentgrass
TPC Summerlin - 4 - 4,Firm,0.11,11.5,  5-10 mph,SW, 8-15 mph,RL,A1/A4 Bentgrass
TPC Summerlin - 4 - 5,Firm,0.11,11.5,  5-10 mph,SW, 8-15 mph,IW,A1/A4 Bentgrass
TPC Summerlin - 4 - 6,Firm,0.11,11.5,  5-10 mph,SW, 8-15 mph,LR,A1/A4 Bentgrass
TPC Summerlin - 4 - 7,Firm,0.11,11.5,  5-10 mph,SW, 8-15 mph,LR,A1/A4 Bentgrass
TPC Summerlin - 4 - 8,Firm,0.11,11.5,  5-10 mph,SW, 8-15 mph,DW,A1/A4 Bentgrass
TPC Summerlin - 4 - 9,Firm,0.11,11.5,  5-10 mph,SW, 8-15 mph,LR,A1/A4 Bentgrass
TPC Summerlin - 4 - 10,Firm,0.11,11.5,  5-10 mph,SW, 8-15 mph,DW,A1/A4 Bentgrass
TPC Summerlin - 4 - 11,Firm,0.11,11.5,  5-10 mph,SW, 8-15 mph,DW,A1/A4 Bentgrass
TPC Summerlin - 4 - 12,Firm,0.11,11.5,  5-10 mph,SW, 8-15 mph,DW,A1/A4 Bentgrass
TPC Summerlin - 4 - 13,Firm,0.11,11.5,  5-10 mph,SW, 8-15 mph,IW,A1/A4 Bentgrass
TPC Summerlin - 4 - 14,Firm,0.11,11.5,  5-10 mph,SW, 8-15 mph,RL,A1/A4 Bentgrass
TPC Summerlin - 4 - 15,Firm,0.11,11.5,  5-10 mph,SW, 8-15 mph,IW,A1/A4 Bentgrass
TPC Summerlin - 4 - 16,Firm,0.11,11.5,  5-10 mph,SW, 8-15 mph,IW,A1/A4 Bentgrass
TPC Summerlin - 4 - 17,Firm,0.11,11.5,  5-10 mph,SW, 8-15 mph,DW,A1/A4 Bentgrass
TPC Summerlin - 4 - 18,Firm,0.11,11.5,  5-10 mph,SW, 8-15 mph,IW,A1/A4 Bentgrass
Silverado Resort and Spa North - 1 - 1,Firm,0.11,11.75, C,C, Light,SW,Bentgrass/Poa Trivialis
Silverado Resort and Spa North - 1 - 2,Firm,0.11,11.75, C,C, Light,SW,Bentgrass/Poa Trivialis
Silverado Resort and Spa North - 1 - 3,Firm,0.11,11.75, C,C, Light,SW,Bentgrass/Poa Trivialis
Silverado Resort and Spa North - 1 - 4,Firm,0.11,11.75, C,C, Light,SW,Bentgrass/Poa Trivialis
Silverado Resort and Spa North - 1 - 5,Firm,0.11,11.75, C,C, Light,SW,Bentgrass/Poa Trivialis
Silverado Resort and Spa North - 1 - 6,Firm,0.11,11.75, C,C, Light,SW,Bentgrass/Poa Trivialis
Silverado Resort and Spa North - 1 - 7,Firm,0.11,11.75, C,C, Light,SW,Bentgrass/Poa Trivialis
Silverado Resort and Spa North - 1 - 8,Firm,0.11,11.75, C,C, Light,SW,Bentgrass/Poa Trivialis
Silverado Resort and Spa North - 1 - 9,Firm,0.11,11.75, C,C, Light,SW,Bentgrass/Poa Trivialis
Silverado Resort and Spa North - 1 - 10,Firm,0.11,11.75, C,C, Light,SW,Bentgrass/Poa Trivialis
Silverado Resort and Spa North - 1 - 11,Firm,0.11,11.75, C,C, Light,SW,Bentgrass/Poa Trivialis
Silverado Resort and Spa North - 1 - 12,Firm,0.11,11.75, C,C, Light,SW,Bentgrass/Poa Trivialis
Silverado Resort and Spa North - 1 - 13,Firm,0.11,11.75, C,C, Light,SW,Bentgrass/Poa Trivialis
Silverado Resort and Spa North - 1 - 14,Firm,0.11,11.75, C,C, Light,SW,Bentgrass/Poa Trivialis
Silverado Resort and Spa North - 1 - 15,Firm,0.11,11.75, C,C, Light,SW,Bentgrass/Poa Trivialis
Silverado Resort and Spa North - 1 - 16,Firm,0.11,11.75, C,C, Light,SW,Bentgrass/Poa Trivialis
Silverado Resort and Spa North - 1 - 17,Firm,0.11,11.75, C,C, Light,SW,Bentgrass/Poa Trivialis
Silverado Resort and Spa North - 1 - 18,Firm,0.11,11.75, C,C, Light,SW,Bentgrass/Poa Trivialis
Silverado Resort and Spa North - 2 - 1,Firm,0.11,11.75, C,C, Light,SW,Bentgrass/Poa Trivialis
Silverado Resort and Spa North - 2 - 2,Firm,0.11,11.75, C,C, Light,SW,Bentgrass/Poa Trivialis
Silverado Resort and Spa North - 2 - 3,Firm,0.11,11.75, C,C, Light,SW,Bentgrass/Poa Trivialis
Silverado Resort and Spa North - 2 - 4,Firm,0.11,11.75, C,C, Light,SW,Bentgrass/Poa Trivialis
Silverado Resort and Spa North - 2 - 5,Firm,0.11,11.75, C,C, Light,SW,Bentgrass/Poa Trivialis
Silverado Resort and Spa North - 2 - 6,Firm,0.11,11.75, C,C, Light,SW,Bentgrass/Poa Trivialis
Silverado Resort and Spa North - 2 - 7,Firm,0.11,11.75, C,C, Light,SW,Bentgrass/Poa Trivialis
Silverado Resort and Spa North - 2 - 8,Firm,0.11,11.75, C,C, Light,SW,Bentgrass/Poa Trivialis
Silverado Resort and Spa North - 2 - 9,Firm,0.11,11.75, C,C, Light,SW,Bentgrass/Poa Trivialis
Silverado Resort and Spa North - 2 - 10,Firm,0.11,11.75, C,C, Light,SW,Bentgrass/Poa Trivialis
Silverado Resort and Spa North - 2 - 11,Firm,0.11,11.75, C,C, Light,SW,Bentgrass/Poa Trivialis
Silverado Resort and Spa North - 2 - 12,Firm,0.11,11.75, C,C, Light,SW,Bentgrass/Poa Trivialis
Silverado Resort and Spa North - 2 - 13,Firm,0.11,11.75, C,C, Light,SW,Bentgrass/Poa Trivialis
Silverado Resort and Spa North - 2 - 14,Firm,0.11,11.75, C,C, Light,SW,Bentgrass/Poa Trivialis
Silverado Resort and Spa North - 2 - 15,Firm,0.11,11.75, C,C, Light,SW,Bentgrass/Poa Trivialis
Silverado Resort and Spa North - 2 - 16,Firm,0.11,11.75, C,C, Light,SW,Bentgrass/Poa Trivialis
Silverado Resort and Spa North - 2 - 17,Firm,0.11,11.75, C,C, Light,SW,Bentgrass/Poa Trivialis
Silverado Resort and Spa North - 2 - 18,Firm,0.11,11.75, C,C, Light,SW,Bentgrass/Poa Trivialis
Silverado Resort and Spa North - 3 - 1,Firm,0.11,11.75, C,C, 5-10,DW,Bentgrass/Poa Trivialis
Silverado Resort and Spa North - 3 - 2,Firm,0.11,11.75, C,C, 5-10,LR,Bentgrass/Poa Trivialis
Silverado Resort and Spa North - 3 - 3,Firm,0.11,11.75, C,C, 5-10,DW,Bentgrass/Poa Trivialis
Silverado Resort and Spa North - 3 - 4,Firm,0.11,11.75, C,C, 5-10,DW,Bentgrass/Poa Trivialis
Silverado Resort and Spa North - 3 - 5,Firm,0.11,11.75, C,C, 5-10,RL,Bentgrass/Poa Trivialis
Silverado Resort and Spa North - 3 - 6,Firm,0.11,11.75, C,C, 5-10,IW,Bentgrass/Poa Trivialis
Silverado Resort and Spa North - 3 - 7,Firm,0.11,11.75, C,C, 5-10,RL,Bentgrass/Poa Trivialis
Silverado Resort and Spa North - 3 - 8,Firm,0.11,11.75, C,C, 5-10,RL,Bentgrass/Poa Trivialis
Silverado Resort and Spa North - 3 - 9,Firm,0.11,11.75, C,C, 5-10,IW,Bentgrass/Poa Trivialis
Silverado Resort and Spa North - 3 - 10,Firm,0.11,11.75, C,C, 5-10,DW,Bentgrass/Poa Trivialis
Silverado Resort and Spa North - 3 - 11,Firm,0.11,11.75, C,C, 5-10,DW,Bentgrass/Poa Trivialis
Silverado Resort and Spa North - 3 - 12,Firm,0.11,11.75, C,C, 5-10,DW,Bentgrass/Poa Trivialis
Silverado Resort and Spa North - 3 - 13,Firm,0.11,11.75, C,C, 5-10,IW,Bentgrass/Poa Trivialis
Silverado Resort and Spa North - 3 - 14,Firm,0.11,11.75, C,C, 5-10,DW,Bentgrass/Poa Trivialis
Silverado Resort and Spa North - 3 - 15,Firm,0.11,11.75, C,C, 5-10,DW,Bentgrass/Poa Trivialis
Silverado Resort and Spa North - 3 - 16,Firm,0.11,11.75, C,C, 5-10,IW,Bentgrass/Poa Trivialis
Silverado Resort and Spa North - 3 - 17,Firm,0.11,11.75, C,C, 5-10,RL,Bentgrass/Poa Trivialis
Silverado Resort and Spa North - 3 - 18,Firm,0.11,11.75, C,C, 5-10,IW,Bentgrass/Poa Trivialis
Silverado Resort and Spa North - 4 - 1,Firm,0.11,11.75, 5-10,SW, 10-20 G30,IW,Bentgrass/Poa Trivialis
Silverado Resort and Spa North - 4 - 2,Firm,0.11,11.75, 5-10,SW, 10-20 G30,RL,Bentgrass/Poa Trivialis
Silverado Resort and Spa North - 4 - 3,Firm,0.11,11.75, 5-10,SW, 10-20 G30,IW,Bentgrass/Poa Trivialis
Silverado Resort and Spa North - 4 - 4,Firm,0.11,11.75, 5-10,SW, 10-20 G30,IW,Bentgrass/Poa Trivialis
Silverado Resort and Spa North - 4 - 5,Firm,0.11,11.75, 5-10,SW, 10-20 G30,LR,Bentgrass/Poa Trivialis
Silverado Resort and Spa North - 4 - 6,Firm,0.11,11.75, 5-10,SW, 10-20 G30,DW,Bentgrass/Poa Trivialis
Silverado Resort and Spa North - 4 - 7,Firm,0.11,11.75, 5-10,SW, 10-20 G30,LR,Bentgrass/Poa Trivialis
Silverado Resort and Spa North - 4 - 8,Firm,0.11,11.75, 5-10,SW, 10-20 G30,LR,Bentgrass/Poa Trivialis
Silverado Resort and Spa North - 4 - 9,Firm,0.11,11.75, 5-10,SW, 10-20 G30,DW,Bentgrass/Poa Trivialis
Silverado Resort and Spa North - 4 - 10,Firm,0.11,11.75, 5-10,SW, 10-20 G30,IW,Bentgrass/Poa Trivialis
Silverado Resort and Spa North - 4 - 11,Firm,0.11,11.75, 5-10,SW, 10-20 G30,IW,Bentgrass/Poa Trivialis
Silverado Resort and Spa North - 4 - 12,Firm,0.11,11.75, 5-10,SW, 10-20 G30,IW,Bentgrass/Poa Trivialis
Silverado Resort and Spa North - 4 - 13,Firm,0.11,11.75, 5-10,SW, 10-20 G30,DW,Bentgrass/Poa Trivialis
Silverado Resort and Spa North - 4 - 14,Firm,0.11,11.75, 5-10,SW, 10-20 G30,IW,Bentgrass/Poa Trivialis
Silverado Resort and Spa North - 4 - 15,Firm,0.11,11.75, 5-10,SW, 10-20 G30,IW,Bentgrass/Poa Trivialis
Silverado Resort and Spa North - 4 - 16,Firm,0.11,11.75, 5-10,SW, 10-20 G30,DW,Bentgrass/Poa Trivialis
Silverado Resort and Spa North - 4 - 17,Firm,0.11,11.75, 5-10,SW, 10-20 G30,LR,Bentgrass/Poa Trivialis
Silverado Resort and Spa North - 4 - 18,Firm,0.11,11.75, 5-10,SW, 10-20 G30,DW,Bentgrass/Poa Trivialis
Plantation Course at Kapalua - 1 - 1,Medium,0.11,9,20,DW,20,DW,Tifeagle Bermudagrass
Plantation Course at Kapalua - 1 - 2,Medium,0.11,9,20,DW,20,DW,Tifeagle Bermudagrass
Plantation Course at Kapalua - 1 - 3,Medium,0.11,9,20,LR,20,LR,Tifeagle Bermudagrass
Plantation Course at Kapalua - 1 - 4,Medium,0.11,9,20,LR,20,LR,Tifeagle Bermudagrass
Plantation Course at Kapalua - 1 - 5,Medium,0.11,9,20,LR,20,LR,Tifeagle Bermudagrass
Plantation Course at Kapalua - 1 - 6,Medium,0.11,9,20,IW,20,IW,Tifeagle Bermudagrass
Plantation Course at Kapalua - 1 - 7,Medium,0.11,9,20,RL,20,RL,Tifeagle Bermudagrass
Plantation Course at Kapalua - 1 - 8,Medium,0.11,9,20,IW,20,IW,Tifeagle Bermudagrass
Plantation Course at Kapalua - 1 - 9,Medium,0.11,9,20,IW,20,IW,Tifeagle Bermudagrass
Plantation Course at Kapalua - 1 - 10,Medium,0.11,9,20,IW,20,IW,Tifeagle Bermudagrass
Plantation Course at Kapalua - 1 - 11,Medium,0.11,9,20,RL,20,RL,Tifeagle Bermudagrass
Plantation Course at Kapalua - 1 - 12,Medium,0.11,9,20,DW,20,DW,Tifeagle Bermudagrass
Plantation Course at Kapalua - 1 - 13,Medium,0.11,9,20,IW,20,IW,Tifeagle Bermudagrass
Plantation Course at Kapalua - 1 - 14,Medium,0.11,9,20,LR,20,LR,Tifeagle Bermudagrass
Plantation Course at Kapalua - 1 - 15,Medium,0.11,9,20,LR,20,LR,Tifeagle Bermudagrass
Plantation Course at Kapalua - 1 - 16,Medium,0.11,9,20,LR,20,LR,Tifeagle Bermudagrass
Plantation Course at Kapalua - 1 - 17,Medium,0.11,9,20,RL,20,RL,Tifeagle Bermudagrass
Plantation Course at Kapalua - 1 - 18,Medium,0.11,9,20,RL,20,RL,Tifeagle Bermudagrass
Plantation Course at Kapalua - 2 - 1,Medium,0.11,9,22,DW,22,DW,Tifeagle Bermudagrass
Plantation Course at Kapalua - 2 - 2,Medium,0.11,9,22,DW,22,DW,Tifeagle Bermudagrass
Plantation Course at Kapalua - 2 - 3,Medium,0.11,9,22,LR,22,LR,Tifeagle Bermudagrass
Plantation Course at Kapalua - 2 - 4,Medium,0.11,9,22,LR,22,LR,Tifeagle Bermudagrass
Plantation Course at Kapalua - 2 - 5,Medium,0.11,9,22,LR,22,LR,Tifeagle Bermudagrass
Plantation Course at Kapalua - 2 - 6,Medium,0.11,9,22,IW,22,IW,Tifeagle Bermudagrass
Plantation Course at Kapalua - 2 - 7,Medium,0.11,9,22,RL,22,RL,Tifeagle Bermudagrass
Plantation Course at Kapalua - 2 - 8,Medium,0.11,9,22,IW,22,IW,Tifeagle Bermudagrass
Plantation Course at Kapalua - 2 - 9,Medium,0.11,9,22,IW,22,IW,Tifeagle Bermudagrass
Plantation Course at Kapalua - 2 - 10,Medium,0.11,9,22,IW,22,IW,Tifeagle Bermudagrass
Plantation Course at Kapalua - 2 - 11,Medium,0.11,9,22,RL,22,RL,Tifeagle Bermudagrass
Plantation Course at Kapalua - 2 - 12,Medium,0.11,9,22,DW,22,DW,Tifeagle Bermudagrass
Plantation Course at Kapalua - 2 - 13,Medium,0.11,9,22,IW,22,IW,Tifeagle Bermudagrass
Plantation Course at Kapalua - 2 - 14,Medium,0.11,9,22,LR,22,LR,Tifeagle Bermudagrass
Plantation Course at Kapalua - 2 - 15,Medium,0.11,9,22,LR,22,LR,Tifeagle Bermudagrass
Plantation Course at Kapalua - 2 - 16,Medium,0.11,9,22,LR,22,LR,Tifeagle Bermudagrass
Plantation Course at Kapalua - 2 - 17,Medium,0.11,9,22,RL,22,RL,Tifeagle Bermudagrass
Plantation Course at Kapalua - 2 - 18,Medium,0.11,9,22,RL,22,RL,Tifeagle Bermudagrass
Plantation Course at Kapalua - 3 - 1,Medium,0.11,9,18,DW,20,DW,Tifeagle Bermudagrass
Plantation Course at Kapalua - 3 - 2,Medium,0.11,9,18,DW,20,DW,Tifeagle Bermudagrass
Plantation Course at Kapalua - 3 - 3,Medium,0.11,9,18,LR,20,LR,Tifeagle Bermudagrass
Plantation Course at Kapalua - 3 - 4,Medium,0.11,9,18,LR,20,LR,Tifeagle Bermudagrass
Plantation Course at Kapalua - 3 - 5,Medium,0.11,9,18,LR,20,LR,Tifeagle Bermudagrass
Plantation Course at Kapalua - 3 - 6,Medium,0.11,9,18,IW,20,IW,Tifeagle Bermudagrass
Plantation Course at Kapalua - 3 - 7,Medium,0.11,9,18,RL,20,RL,Tifeagle Bermudagrass
Plantation Course at Kapalua - 3 - 8,Medium,0.11,9,18,IW,20,IW,Tifeagle Bermudagrass
Plantation Course at Kapalua - 3 - 9,Medium,0.11,9,18,IW,20,IW,Tifeagle Bermudagrass
Plantation Course at Kapalua - 3 - 10,Medium,0.11,9,18,IW,20,IW,Tifeagle Bermudagrass
Plantation Course at Kapalua - 3 - 11,Medium,0.11,9,18,RL,20,RL,Tifeagle Bermudagrass
Plantation Course at Kapalua - 3 - 12,Medium,0.11,9,18,DW,20,DW,Tifeagle Bermudagrass
Plantation Course at Kapalua - 3 - 13,Medium,0.11,9,18,IW,20,IW,Tifeagle Bermudagrass
Plantation Course at Kapalua - 3 - 14,Medium,0.11,9,18,LR,20,LR,Tifeagle Bermudagrass
Plantation Course at Kapalua - 3 - 15,Medium,0.11,9,18,LR,20,LR,Tifeagle Bermudagrass
Plantation Course at Kapalua - 3 - 16,Medium,0.11,9,18,LR,20,LR,Tifeagle Bermudagrass
Plantation Course at Kapalua - 3 - 17,Medium,0.11,9,18,RL,20,RL,Tifeagle Bermudagrass
Plantation Course at Kapalua - 3 - 18,Medium,0.11,9,18,RL,20,RL,Tifeagle Bermudagrass
Plantation Course at Kapalua - 4 - 1,Medium,0.11,9,20,DW,22,DW,Tifeagle Bermudagrass
Plantation Course at Kapalua - 4 - 2,Medium,0.11,9,20,DW,22,DW,Tifeagle Bermudagrass
Plantation Course at Kapalua - 4 - 3,Medium,0.11,9,20,LR,22,LR,Tifeagle Bermudagrass
Plantation Course at Kapalua - 4 - 4,Medium,0.11,9,20,LR,22,LR,Tifeagle Bermudagrass
Plantation Course at Kapalua - 4 - 5,Medium,0.11,9,20,LR,22,LR,Tifeagle Bermudagrass
Plantation Course at Kapalua - 4 - 6,Medium,0.11,9,20,IW,22,IW,Tifeagle Bermudagrass
Plantation Course at Kapalua - 4 - 7,Medium,0.11,9,20,RL,22,RL,Tifeagle Bermudagrass
Plantation Course at Kapalua - 4 - 8,Medium,0.11,9,20,IW,22,IW,Tifeagle Bermudagrass
Plantation Course at Kapalua - 4 - 9,Medium,0.11,9,20,IW,22,IW,Tifeagle Bermudagrass
Plantation Course at Kapalua - 4 - 10,Medium,0.11,9,20,IW,22,IW,Tifeagle Bermudagrass
Plantation Course at Kapalua - 4 - 11,Medium,0.11,9,20,RL,22,RL,Tifeagle Bermudagrass
Plantation Course at Kapalua - 4 - 12,Medium,0.11,9,20,DW,22,DW,Tifeagle Bermudagrass
Plantation Course at Kapalua - 4 - 13,Medium,0.11,9,20,IW,22,IW,Tifeagle Bermudagrass
Plantation Course at Kapalua - 4 - 14,Medium,0.11,9,20,LR,22,LR,Tifeagle Bermudagrass
Plantation Course at Kapalua - 4 - 15,Medium,0.11,9,20,LR,22,LR,Tifeagle Bermudagrass
Plantation Course at Kapalua - 4 - 16,Medium,0.11,9,20,LR,22,LR,Tifeagle Bermudagrass
Plantation Course at Kapalua - 4 - 17,Medium,0.11,9,20,RL,22,RL,Tifeagle Bermudagrass
Plantation Course at Kapalua - 4 - 18,Medium,0.11,9,20,RL,22,RL,Tifeagle Bermudagrass
Stadium Course - 1 - 1,Firm,0.1,11,  Var 3-6,SW, Var 4-8,SW,Tifdwarf Bermuda/Ryegrass
Stadium Course - 1 - 2,Firm,0.1,11,  Var 3-6,SW, Var 4-8,SW,Tifdwarf Bermuda/Ryegrass
Stadium Course - 1 - 3,Firm,0.1,11,  Var 3-6,SW, Var 4-8,SW,Tifdwarf Bermuda/Ryegrass
Stadium Course - 1 - 4,Firm,0.1,11,  Var 3-6,SW, Var 4-8,SW,Tifdwarf Bermuda/Ryegrass
Stadium Course - 1 - 5,Firm,0.1,11,  Var 3-6,SW, Var 4-8,SW,Tifdwarf Bermuda/Ryegrass
Stadium Course - 1 - 6,Firm,0.1,11,  Var 3-6,SW, Var 4-8,SW,Tifdwarf Bermuda/Ryegrass
Stadium Course - 1 - 7,Firm,0.1,11,  Var 3-6,SW, Var 4-8,SW,Tifdwarf Bermuda/Ryegrass
Stadium Course - 1 - 8,Firm,0.1,11,  Var 3-6,SW, Var 4-8,SW,Tifdwarf Bermuda/Ryegrass
Stadium Course - 1 - 9,Firm,0.1,11,  Var 3-6,SW, Var 4-8,SW,Tifdwarf Bermuda/Ryegrass
Stadium Course - 1 - 10,Firm,0.1,11,  Var 3-6,SW, Var 4-8,SW,Tifdwarf Bermuda/Ryegrass
Stadium Course - 1 - 11,Firm,0.1,11,  Var 3-6,SW, Var 4-8,SW,Tifdwarf Bermuda/Ryegrass
Stadium Course - 1 - 12,Firm,0.1,11,  Var 3-6,SW, Var 4-8,SW,Tifdwarf Bermuda/Ryegrass
Stadium Course - 1 - 13,Firm,0.1,11,  Var 3-6,SW, Var 4-8,SW,Tifdwarf Bermuda/Ryegrass
Stadium Course - 1 - 14,Firm,0.1,11,  Var 3-6,SW, Var 4-8,SW,Tifdwarf Bermuda/Ryegrass
Stadium Course - 1 - 15,Firm,0.1,11,  Var 3-6,SW, Var 4-8,SW,Tifdwarf Bermuda/Ryegrass
Stadium Course - 1 - 16,Firm,0.1,11,  Var 3-6,SW, Var 4-8,SW,Tifdwarf Bermuda/Ryegrass
Stadium Course - 1 - 17,Firm,0.1,11,  Var 3-6,SW, Var 4-8,SW,Tifdwarf Bermuda/Ryegrass
Stadium Course - 1 - 18,Firm,0.1,11,  Var 3-6,SW, Var 4-8,SW,Tifdwarf Bermuda/Ryegrass
Stadium Course - 2 - 1,Firm,0.1,11,  Var 3-6,SW, Var 3-6,SW,Tifdwarf Bermuda/Ryegrass
Stadium Course - 2 - 2,Firm,0.1,11,  Var 3-6,SW, Var 3-6,SW,Tifdwarf Bermuda/Ryegrass
Stadium Course - 2 - 3,Firm,0.1,11,  Var 3-6,SW, Var 3-6,SW,Tifdwarf Bermuda/Ryegrass
Stadium Course - 2 - 4,Firm,0.1,11,  Var 3-6,SW, Var 3-6,SW,Tifdwarf Bermuda/Ryegrass
Stadium Course - 2 - 5,Firm,0.1,11,  Var 3-6,SW, Var 3-6,SW,Tifdwarf Bermuda/Ryegrass
Stadium Course - 2 - 6,Firm,0.1,11,  Var 3-6,SW, Var 3-6,SW,Tifdwarf Bermuda/Ryegrass
Stadium Course - 2 - 7,Firm,0.1,11,  Var 3-6,SW, Var 3-6,SW,Tifdwarf Bermuda/Ryegrass
Stadium Course - 2 - 8,Firm,0.1,11,  Var 3-6,SW, Var 3-6,SW,Tifdwarf Bermuda/Ryegrass
Stadium Course - 2 - 9,Firm,0.1,11,  Var 3-6,SW, Var 3-6,SW,Tifdwarf Bermuda/Ryegrass
Stadium Course - 2 - 10,Firm,0.1,11,  Var 3-6,SW, Var 3-6,SW,Tifdwarf Bermuda/Ryegrass
Stadium Course - 2 - 11,Firm,0.1,11,  Var 3-6,SW, Var 3-6,SW,Tifdwarf Bermuda/Ryegrass
Stadium Course - 2 - 12,Firm,0.1,11,  Var 3-6,SW, Var 3-6,SW,Tifdwarf Bermuda/Ryegrass
Stadium Course - 2 - 13,Firm,0.1,11,  Var 3-6,SW, Var 3-6,SW,Tifdwarf Bermuda/Ryegrass
Stadium Course - 2 - 14,Firm,0.1,11,  Var 3-6,SW, Var 3-6,SW,Tifdwarf Bermuda/Ryegrass
Stadium Course - 2 - 15,Firm,0.1,11,  Var 3-6,SW, Var 3-6,SW,Tifdwarf Bermuda/Ryegrass
Stadium Course - 2 - 16,Firm,0.1,11,  Var 3-6,SW, Var 3-6,SW,Tifdwarf Bermuda/Ryegrass
Stadium Course - 2 - 17,Firm,0.1,11,  Var 3-6,SW, Var 3-6,SW,Tifdwarf Bermuda/Ryegrass
Stadium Course - 2 - 18,Firm,0.1,11,  Var 3-6,SW, Var 3-6,SW,Tifdwarf Bermuda/Ryegrass
Stadium Course - 3 - 1,Firm,0.1,11,  NW 10-15,LR, NW 10-15,LR,Tifdwarf Bermuda/Ryegrass
Stadium Course - 3 - 2,Firm,0.1,11,  NW 10-15,LR, NW 10-15,LR,Tifdwarf Bermuda/Ryegrass
Stadium Course - 3 - 3,Firm,0.1,11,  NW 10-15,RL, NW 10-15,RL,Tifdwarf Bermuda/Ryegrass
Stadium Course - 3 - 4,Firm,0.1,11,  NW 10-15,IW, NW 10-15,IW,Tifdwarf Bermuda/Ryegrass
Stadium Course - 3 - 5,Firm,0.1,11,  NW 10-15,LR, NW 10-15,LR,Tifdwarf Bermuda/Ryegrass
Stadium Course - 3 - 6,Firm,0.1,11,  NW 10-15,LR, NW 10-15,LR,Tifdwarf Bermuda/Ryegrass
Stadium Course - 3 - 7,Firm,0.1,11,  NW 10-15,RL, NW 10-15,RL,Tifdwarf Bermuda/Ryegrass
Stadium Course - 3 - 8,Firm,0.1,11,  NW 10-15,RL, NW 10-15,RL,Tifdwarf Bermuda/Ryegrass
Stadium Course - 3 - 9,Firm,0.1,11,  NW 10-15,RL, NW 10-15,RL,Tifdwarf Bermuda/Ryegrass
Stadium Course - 3 - 10,Firm,0.1,11,  NW 10-15,IW, NW 10-15,IW,Tifdwarf Bermuda/Ryegrass
Stadium Course - 3 - 11,Firm,0.1,11,  NW 10-15,LR, NW 10-15,LR,Tifdwarf Bermuda/Ryegrass
Stadium Course - 3 - 12,Firm,0.1,11,  NW 10-15,LR, NW 10-15,LR,Tifdwarf Bermuda/Ryegrass
Stadium Course - 3 - 13,Firm,0.1,11,  NW 10-15,LR, NW 10-15,LR,Tifdwarf Bermuda/Ryegrass
Stadium Course - 3 - 14,Firm,0.1,11,  NW 10-15,LR, NW 10-15,LR,Tifdwarf Bermuda/Ryegrass
Stadium Course - 3 - 15,Firm,0.1,11,  NW 10-15,RL, NW 10-15,RL,Tifdwarf Bermuda/Ryegrass
Stadium Course - 3 - 16,Firm,0.1,11,  NW 10-15,RL, NW 10-15,RL,Tifdwarf Bermuda/Ryegrass
Stadium Course - 3 - 17,Firm,0.1,11,  NW 10-15,RL, NW 10-15,RL,Tifdwarf Bermuda/Ryegrass
Stadium Course - 3 - 18,Firm,0.1,11,  NW 10-15,DW, NW 10-15,DW,Tifdwarf Bermuda/Ryegrass
Stadium Course - 4 - 1,Firm,0.1,11,  Calm,C, Var 4-8,SW,Tifdwarf Bermuda/Ryegrass
Stadium Course - 4 - 2,Firm,0.1,11,  Calm,C, Var 4-8,SW,Tifdwarf Bermuda/Ryegrass
Stadium Course - 4 - 3,Firm,0.1,11,  Calm,C, Var 4-8,SW,Tifdwarf Bermuda/Ryegrass
Stadium Course - 4 - 4,Firm,0.1,11,  Calm,C, Var 4-8,SW,Tifdwarf Bermuda/Ryegrass
Stadium Course - 4 - 5,Firm,0.1,11,  Calm,C, Var 4-8,SW,Tifdwarf Bermuda/Ryegrass
Stadium Course - 4 - 6,Firm,0.1,11,  Calm,C, Var 4-8,SW,Tifdwarf Bermuda/Ryegrass
Stadium Course - 4 - 7,Firm,0.1,11,  Calm,C, Var 4-8,SW,Tifdwarf Bermuda/Ryegrass
Stadium Course - 4 - 8,Firm,0.1,11,  Calm,C, Var 4-8,SW,Tifdwarf Bermuda/Ryegrass
Stadium Course - 4 - 9,Firm,0.1,11,  Calm,C, Var 4-8,SW,Tifdwarf Bermuda/Ryegrass
Stadium Course - 4 - 10,Firm,0.1,11,  Calm,C, Var 4-8,SW,Tifdwarf Bermuda/Ryegrass
Stadium Course - 4 - 11,Firm,0.1,11,  Calm,C, Var 4-8,SW,Tifdwarf Bermuda/Ryegrass
Stadium Course - 4 - 12,Firm,0.1,11,  Calm,C, Var 4-8,SW,Tifdwarf Bermuda/Ryegrass
Stadium Course - 4 - 13,Firm,0.1,11,  Calm,C, Var 4-8,SW,Tifdwarf Bermuda/Ryegrass
Stadium Course - 4 - 14,Firm,0.1,11,  Calm,C, Var 4-8,SW,Tifdwarf Bermuda/Ryegrass
Stadium Course - 4 - 15,Firm,0.1,11,  Calm,C, Var 4-8,SW,Tifdwarf Bermuda/Ryegrass
Stadium Course - 4 - 16,Firm,0.1,11,  Calm,C, Var 4-8,SW,Tifdwarf Bermuda/Ryegrass
Stadium Course - 4 - 17,Firm,0.1,11,  Calm,C, Var 4-8,SW,Tifdwarf Bermuda/Ryegrass
Stadium Course - 4 - 18,Firm,0.1,11,  Calm,C, Var 4-8,SW,Tifdwarf Bermuda/Ryegrass
El Camaleon GC - 1 - 1,Medium,0.1,10.75, SW 3-7,SW, NE 5-10,LR,Paspalum
El Camaleon GC - 1 - 2,Medium,0.1,10.75, SW 3-7,SW, NE 5-10,LR,Paspalum
El Camaleon GC - 1 - 3,Medium,0.1,10.75, SW 3-7,SW, NE 5-10,LR,Paspalum
El Camaleon GC - 1 - 4,Medium,0.1,10.75, SW 3-7,SW, NE 5-10,LR,Paspalum
El Camaleon GC - 1 - 5,Medium,0.1,10.75, SW 3-7,SW, NE 5-10,RL,Paspalum
El Camaleon GC - 1 - 6,Medium,0.1,10.75, SW 3-7,SW, NE 5-10,RL,Paspalum
El Camaleon GC - 1 - 7,Medium,0.1,10.75, SW 3-7,SW, NE 5-10,IW,Paspalum
El Camaleon GC - 1 - 8,Medium,0.1,10.75, SW 3-7,SW, NE 5-10,DW,Paspalum
El Camaleon GC - 1 - 9,Medium,0.1,10.75, SW 3-7,SW, NE 5-10,DW,Paspalum
El Camaleon GC - 1 - 10,Medium,0.1,10.75, SW 3-7,SW, NE 5-10,DW,Paspalum
El Camaleon GC - 1 - 11,Medium,0.1,10.75, SW 3-7,SW, NE 5-10,DW,Paspalum
El Camaleon GC - 1 - 12,Medium,0.1,10.75, SW 3-7,SW, NE 5-10,LR,Paspalum
El Camaleon GC - 1 - 13,Medium,0.1,10.75, SW 3-7,SW, NE 5-10,LR,Paspalum
El Camaleon GC - 1 - 14,Medium,0.1,10.75, SW 3-7,SW, NE 5-10,LR,Paspalum
El Camaleon GC - 1 - 15,Medium,0.1,10.75, SW 3-7,SW, NE 5-10,IW,Paspalum
El Camaleon GC - 1 - 16,Medium,0.1,10.75, SW 3-7,SW, NE 5-10,RL,Paspalum
El Camaleon GC - 1 - 17,Medium,0.1,10.75, SW 3-7,SW, NE 5-10,RL,Paspalum
El Camaleon GC - 1 - 18,Medium,0.1,10.75, SW 3-7,SW, NE 5-10,RL,Paspalum
El Camaleon GC - 2 - 1,Soft,0.1,10.75, NE 4-12,LR, E/NE 5-15 G20,LR,Paspalum
El Camaleon GC - 2 - 2,Soft,0.1,10.75, NE 4-12,LR, E/NE 5-15 G20,LR,Paspalum
El Camaleon GC - 2 - 3,Soft,0.1,10.75, NE 4-12,LR, E/NE 5-15 G20,LR,Paspalum
El Camaleon GC - 2 - 4,Soft,0.1,10.75, NE 4-12,LR, E/NE 5-15 G20,LR,Paspalum
El Camaleon GC - 2 - 5,Soft,0.1,10.75, NE 4-12,RL, E/NE 5-15 G20,RL,Paspalum
El Camaleon GC - 2 - 6,Soft,0.1,10.75, NE 4-12,RL, E/NE 5-15 G20,RL,Paspalum
El Camaleon GC - 2 - 7,Soft,0.1,10.75, NE 4-12,IW, E/NE 5-15 G20,IW,Paspalum
El Camaleon GC - 2 - 8,Soft,0.1,10.75, NE 4-12,DW, E/NE 5-15 G20,DW,Paspalum
El Camaleon GC - 2 - 9,Soft,0.1,10.75, NE 4-12,DW, E/NE 5-15 G20,DW,Paspalum
El Camaleon GC - 2 - 10,Soft,0.1,10.75, NE 4-12,DW, E/NE 5-15 G20,DW,Paspalum
El Camaleon GC - 2 - 11,Soft,0.1,10.75, NE 4-12,DW, E/NE 5-15 G20,DW,Paspalum
El Camaleon GC - 2 - 12,Soft,0.1,10.75, NE 4-12,LR, E/NE 5-15 G20,LR,Paspalum
El Camaleon GC - 2 - 13,Soft,0.1,10.75, NE 4-12,LR, E/NE 5-15 G20,LR,Paspalum
El Camaleon GC - 2 - 14,Soft,0.1,10.75, NE 4-12,LR, E/NE 5-15 G20,LR,Paspalum
El Camaleon GC - 2 - 15,Soft,0.1,10.75, NE 4-12,IW, E/NE 5-15 G20,IW,Paspalum
El Camaleon GC - 2 - 16,Soft,0.1,10.75, NE 4-12,RL, E/NE 5-15 G20,RL,Paspalum
El Camaleon GC - 2 - 17,Soft,0.1,10.75, NE 4-12,RL, E/NE 5-15 G20,RL,Paspalum
El Camaleon GC - 2 - 18,Soft,0.1,10.75, NE 4-12,RL, E/NE 5-15 G20,RL,Paspalum
El Camaleon GC - 3 - 1,Soft,0.1,10.75, E/NE 5-15 G20,LR, E/NE 5-15 G22,LR,Paspalum
El Camaleon GC - 3 - 2,Soft,0.1,10.75, E/NE 5-15 G20,LR, E/NE 5-15 G22,LR,Paspalum
El Camaleon GC - 3 - 3,Soft,0.1,10.75, E/NE 5-15 G20,LR, E/NE 5-15 G22,LR,Paspalum
El Camaleon GC - 3 - 4,Soft,0.1,10.75, E/NE 5-15 G20,LR, E/NE 5-15 G22,LR,Paspalum
El Camaleon GC - 3 - 5,Soft,0.1,10.75, E/NE 5-15 G20,RL, E/NE 5-15 G22,RL,Paspalum
El Camaleon GC - 3 - 6,Soft,0.1,10.75, E/NE 5-15 G20,RL, E/NE 5-15 G22,RL,Paspalum
El Camaleon GC - 3 - 7,Soft,0.1,10.75, E/NE 5-15 G20,IW, E/NE 5-15 G22,IW,Paspalum
El Camaleon GC - 3 - 8,Soft,0.1,10.75, E/NE 5-15 G20,DW, E/NE 5-15 G22,DW,Paspalum
El Camaleon GC - 3 - 9,Soft,0.1,10.75, E/NE 5-15 G20,DW, E/NE 5-15 G22,DW,Paspalum
El Camaleon GC - 3 - 10,Soft,0.1,10.75, E/NE 5-15 G20,DW, E/NE 5-15 G22,DW,Paspalum
El Camaleon GC - 3 - 11,Soft,0.1,10.75, E/NE 5-15 G20,DW, E/NE 5-15 G22,DW,Paspalum
El Camaleon GC - 3 - 12,Soft,0.1,10.75, E/NE 5-15 G20,LR, E/NE 5-15 G22,LR,Paspalum
El Camaleon GC - 3 - 13,Soft,0.1,10.75, E/NE 5-15 G20,LR, E/NE 5-15 G22,LR,Paspalum
El Camaleon GC - 3 - 14,Soft,0.1,10.75, E/NE 5-15 G20,LR, E/NE 5-15 G22,LR,Paspalum
El Camaleon GC - 3 - 15,Soft,0.1,10.75, E/NE 5-15 G20,IW, E/NE 5-15 G22,IW,Paspalum
El Camaleon GC - 3 - 16,Soft,0.1,10.75, E/NE 5-15 G20,RL, E/NE 5-15 G22,RL,Paspalum
El Camaleon GC - 3 - 17,Soft,0.1,10.75, E/NE 5-15 G20,RL, E/NE 5-15 G22,RL,Paspalum
El Camaleon GC - 3 - 18,Soft,0.1,10.75, E/NE 5-15 G20,RL, E/NE 5-15 G22,RL,Paspalum
El Camaleon GC - 4 - 1,Soft,0.1,10.75, E/NE 5-15 G20,LR, NE 4-12 G15,LR,Paspalum
El Camaleon GC - 4 - 2,Soft,0.1,10.75, E/NE 5-15 G20,LR, NE 4-12 G15,LR,Paspalum
El Camaleon GC - 4 - 3,Soft,0.1,10.75, E/NE 5-15 G20,LR, NE 4-12 G15,LR,Paspalum
El Camaleon GC - 4 - 4,Soft,0.1,10.75, E/NE 5-15 G20,LR, NE 4-12 G15,LR,Paspalum
El Camaleon GC - 4 - 5,Soft,0.1,10.75, E/NE 5-15 G20,RL, NE 4-12 G15,RL,Paspalum
El Camaleon GC - 4 - 6,Soft,0.1,10.75, E/NE 5-15 G20,RL, NE 4-12 G15,RL,Paspalum
El Camaleon GC - 4 - 7,Soft,0.1,10.75, E/NE 5-15 G20,IW, NE 4-12 G15,IW,Paspalum
El Camaleon GC - 4 - 8,Soft,0.1,10.75, E/NE 5-15 G20,DW, NE 4-12 G15,DW,Paspalum
El Camaleon GC - 4 - 9,Soft,0.1,10.75, E/NE 5-15 G20,DW, NE 4-12 G15,DW,Paspalum
El Camaleon GC - 4 - 10,Soft,0.1,10.75, E/NE 5-15 G20,DW, NE 4-12 G15,DW,Paspalum
El Camaleon GC - 4 - 11,Soft,0.1,10.75, E/NE 5-15 G20,DW, NE 4-12 G15,DW,Paspalum
El Camaleon GC - 4 - 12,Soft,0.1,10.75, E/NE 5-15 G20,LR, NE 4-12 G15,LR,Paspalum
El Camaleon GC - 4 - 13,Soft,0.1,10.75, E/NE 5-15 G20,LR, NE 4-12 G15,LR,Paspalum
El Camaleon GC - 4 - 14,Soft,0.1,10.75, E/NE 5-15 G20,LR, NE 4-12 G15,LR,Paspalum
El Camaleon GC - 4 - 15,Soft,0.1,10.75, E/NE 5-15 G20,IW, NE 4-12 G15,IW,Paspalum
El Camaleon GC - 4 - 16,Soft,0.1,10.75, E/NE 5-15 G20,RL, NE 4-12 G15,RL,Paspalum
El Camaleon GC - 4 - 17,Soft,0.1,10.75, E/NE 5-15 G20,RL, NE 4-12 G15,RL,Paspalum
El Camaleon GC - 4 - 18,Soft,0.1,10.75, E/NE 5-15 G20,RL, NE 4-12 G15,RL,Paspalum
CC of Jackson - 1 - 1,Medium,0.12,12,  8mph,RL, 13mph,RL,Bermudagrass
CC of Jackson - 1 - 2,Medium,0.12,12,  8mph,RL, 13mph,RL,Bermudagrass
CC of Jackson - 1 - 3,Medium,0.12,12,  8mph,DW, 13mph,DW,Bermudagrass
CC of Jackson - 1 - 4,Medium,0.12,12,  8mph,LR, 13mph,LR,Bermudagrass
CC of Jackson - 1 - 5,Medium,0.12,12,  8mph,LR, 13mph,LR,Bermudagrass
CC of Jackson - 1 - 6,Medium,0.12,12,  8mph,RL, 13mph,RL,Bermudagrass
CC of Jackson - 1 - 7,Medium,0.12,12,  8mph,IW, 13mph,IW,Bermudagrass
CC of Jackson - 1 - 8,Medium,0.12,12,  8mph,LR, 13mph,LR,Bermudagrass
CC of Jackson - 1 - 9,Medium,0.12,12,  8mph,LR, 13mph,LR,Bermudagrass
CC of Jackson - 1 - 10,Medium,0.12,12,  8mph,RL, 13mph,RL,Bermudagrass
CC of Jackson - 1 - 11,Medium,0.12,12,  8mph,RL, 13mph,RL,Bermudagrass
CC of Jackson - 1 - 12,Medium,0.12,12,  8mph,LR, 13mph,LR,Bermudagrass
CC of Jackson - 1 - 13,Medium,0.12,12,  8mph,DW, 13mph,DW,Bermudagrass
CC of Jackson - 1 - 14,Medium,0.12,12,  8mph,RL, 13mph,RL,Bermudagrass
CC of Jackson - 1 - 15,Medium,0.12,12,  8mph,RL, 13mph,RL,Bermudagrass
CC of Jackson - 1 - 16,Medium,0.12,12,  8mph,IW, 13mph,IW,Bermudagrass
CC of Jackson - 1 - 17,Medium,0.12,12,  8mph,LR, 13mph,LR,Bermudagrass
CC of Jackson - 1 - 18,Medium,0.12,12,  8mph,LR, 13mph,LR,Bermudagrass
CC of Jackson - 2 - 1,Medium,0.12,12, 10mph,RL, 15mph,RL,Bermudagrass
CC of Jackson - 2 - 2,Medium,0.12,12, 10mph,RL, 15mph,RL,Bermudagrass
CC of Jackson - 2 - 3,Medium,0.12,12, 10mph,DW, 15mph,DW,Bermudagrass
CC of Jackson - 2 - 4,Medium,0.12,12, 10mph,LR, 15mph,LR,Bermudagrass
CC of Jackson - 2 - 5,Medium,0.12,12, 10mph,LR, 15mph,LR,Bermudagrass
CC of Jackson - 2 - 6,Medium,0.12,12, 10mph,RL, 15mph,RL,Bermudagrass
CC of Jackson - 2 - 7,Medium,0.12,12, 10mph,IW, 15mph,IW,Bermudagrass
CC of Jackson - 2 - 8,Medium,0.12,12, 10mph,LR, 15mph,LR,Bermudagrass
CC of Jackson - 2 - 9,Medium,0.12,12, 10mph,LR, 15mph,LR,Bermudagrass
CC of Jackson - 2 - 10,Medium,0.12,12, 10mph,RL, 15mph,RL,Bermudagrass
CC of Jackson - 2 - 11,Medium,0.12,12, 10mph,RL, 15mph,RL,Bermudagrass
CC of Jackson - 2 - 12,Medium,0.12,12, 10mph,LR, 15mph,LR,Bermudagrass
CC of Jackson - 2 - 13,Medium,0.12,12, 10mph,DW, 15mph,DW,Bermudagrass
CC of Jackson - 2 - 14,Medium,0.12,12, 10mph,RL, 15mph,RL,Bermudagrass
CC of Jackson - 2 - 15,Medium,0.12,12, 10mph,IW, 15mph,IW,Bermudagrass
CC of Jackson - 2 - 16,Medium,0.12,12, 10mph,LR, 15mph,LR,Bermudagrass
CC of Jackson - 2 - 17,Medium,0.12,12, 10mph,LR, 15mph,LR,Bermudagrass
CC of Jackson - 2 - 18,Medium,0.12,12, 10mph,LR, 15mph,LR,Bermudagrass
CC of Jackson - 3 - 1,Soft,0.12,12, 12mph,LR, 16mph,DW,Bermudagrass
CC of Jackson - 3 - 2,Soft,0.12,12, 12mph,LR, 16mph,DW,Bermudagrass
CC of Jackson - 3 - 3,Soft,0.12,12, 12mph,LR, 16mph,LR,Bermudagrass
CC of Jackson - 3 - 4,Soft,0.12,12, 12mph,RL, 16mph,RL,Bermudagrass
CC of Jackson - 3 - 5,Soft,0.12,12, 12mph,RL, 16mph,RL,Bermudagrass
CC of Jackson - 3 - 6,Soft,0.12,12, 12mph,LR, 16mph,LR,Bermudagrass
CC of Jackson - 3 - 7,Soft,0.12,12, 12mph,RL, 16mph,RL,Bermudagrass
CC of Jackson - 3 - 8,Soft,0.12,12, 12mph,RL, 16mph,IW,Bermudagrass
CC of Jackson - 3 - 9,Soft,0.12,12, 12mph,RL, 16mph,IW,Bermudagrass
CC of Jackson - 3 - 10,Soft,0.12,12, 12mph,LR, 16mph,DW,Bermudagrass
CC of Jackson - 3 - 11,Soft,0.12,12, 12mph,LR, 16mph,LR,Bermudagrass
CC of Jackson - 3 - 12,Soft,0.12,12, 12mph,RL, 16mph,RL,Bermudagrass
CC of Jackson - 3 - 13,Soft,0.12,12, 12mph,LR, 16mph,LR,Bermudagrass
CC of Jackson - 3 - 14,Soft,0.12,12, 12mph,LR, 16mph,LR,Bermudagrass
CC of Jackson - 3 - 15,Soft,0.12,12, 12mph,DW, 16mph,RL,Bermudagrass
CC of Jackson - 3 - 16,Soft,0.12,12, 12mph,RL, 16mph,RL,Bermudagrass
CC of Jackson - 3 - 17,Soft,0.12,12, 12mph,RL, 16mph,IW,Bermudagrass
CC of Jackson - 3 - 18,Soft,0.12,12, 12mph,RL, 16mph,IW,Bermudagrass
CC of Jackson - 4 - 1,Medium,0.12,12, CALM,C, 10mph,DW,Bermudagrass
CC of Jackson - 4 - 2,Medium,0.12,12, CALM,C, 10mph,DW,Bermudagrass
CC of Jackson - 4 - 3,Medium,0.12,12, CALM,C, 10mph,LR,Bermudagrass
CC of Jackson - 4 - 4,Medium,0.12,12, CALM,C, 10mph,RL,Bermudagrass
CC of Jackson - 4 - 5,Medium,0.12,12, CALM,C, 10mph,RL,Bermudagrass
CC of Jackson - 4 - 6,Medium,0.12,12, CALM,C, 10mph,LR,Bermudagrass
CC of Jackson - 4 - 7,Medium,0.12,12, CALM,C, 10mph,RL,Bermudagrass
CC of Jackson - 4 - 8,Medium,0.12,12, CALM,C, 10mph,IW,Bermudagrass
CC of Jackson - 4 - 9,Medium,0.12,12, CALM,C, 10mph,IW,Bermudagrass
CC of Jackson - 4 - 10,Medium,0.12,12, CALM,C, 10mph,DW,Bermudagrass
CC of Jackson - 4 - 11,Medium,0.12,12, CALM,C, 10mph,LR,Bermudagrass
CC of Jackson - 4 - 12,Medium,0.12,12, CALM,C, 10mph,RL,Bermudagrass
CC of Jackson - 4 - 13,Medium,0.12,12, CALM,C, 10mph,LR,Bermudagrass
CC of Jackson - 4 - 14,Medium,0.12,12, CALM,C, 10mph,LR,Bermudagrass
CC of Jackson - 4 - 15,Medium,0.12,12, CALM,C, 10mph,RL,Bermudagrass
CC of Jackson - 4 - 16,Medium,0.12,12, CALM,C, 10mph,RL,Bermudagrass
CC of Jackson - 4 - 17,Medium,0.12,12, CALM,C, 10mph,IW,Bermudagrass
CC of Jackson - 4 - 18,Medium,0.12,12, CALM,C, 10mph,IW,Bermudagrass
Sea Island Resort (Seaside) - 1 - 1,Medium,0.9,12.5,  N 4-8,IW, VAR 4-8,SW,Tifeagle Bermudagrass
Sea Island Resort (Seaside) - 1 - 2,Medium,0.9,12.5,  N 4-8,IW, VAR 4-8,SW,Tifeagle Bermudagrass
Sea Island Resort (Seaside) - 1 - 3,Medium,0.9,12.5,  N 4-8,IW, VAR 4-8,SW,Tifeagle Bermudagrass
Sea Island Resort (Seaside) - 1 - 4,Medium,0.9,12.5,  N 4-8,RL, VAR 4-8,SW,Tifeagle Bermudagrass
Sea Island Resort (Seaside) - 1 - 5,Medium,0.9,12.5,  N 4-8,LR, VAR 4-8,SW,Tifeagle Bermudagrass
Sea Island Resort (Seaside) - 1 - 6,Medium,0.9,12.5,  N 4-8,DW, VAR 4-8,SW,Tifeagle Bermudagrass
Sea Island Resort (Seaside) - 1 - 7,Medium,0.9,12.5,  N 4-8,LR, VAR 4-8,SW,Tifeagle Bermudagrass
Sea Island Resort (Seaside) - 1 - 8,Medium,0.9,12.5,  N 4-8,DW, VAR 4-8,SW,Tifeagle Bermudagrass
Sea Island Resort (Seaside) - 1 - 9,Medium,0.9,12.5,  N 4-8,DW, VAR 4-8,SW,Tifeagle Bermudagrass
Sea Island Resort (Seaside) - 1 - 10,Medium,0.9,12.5,  N 4-8,IW, VAR 4-8,SW,Tifeagle Bermudagrass
Sea Island Resort (Seaside) - 1 - 11,Medium,0.9,12.5,  N 4-8,RL, VAR 4-8,SW,Tifeagle Bermudagrass
Sea Island Resort (Seaside) - 1 - 12,Medium,0.9,12.5,  N 4-8,LR, VAR 4-8,SW,Tifeagle Bermudagrass
Sea Island Resort (Seaside) - 1 - 13,Medium,0.9,12.5,  N 4-8,RL, VAR 4-8,SW,Tifeagle Bermudagrass
Sea Island Resort (Seaside) - 1 - 14,Medium,0.9,12.5,  N 4-8,IW, VAR 4-8,SW,Tifeagle Bermudagrass
Sea Island Resort (Seaside) - 1 - 15,Medium,0.9,12.5,  N 4-8,LR, VAR 4-8,SW,Tifeagle Bermudagrass
Sea Island Resort (Seaside) - 1 - 16,Medium,0.9,12.5,  N 4-8,LR, VAR 4-8,SW,Tifeagle Bermudagrass
Sea Island Resort (Seaside) - 1 - 17,Medium,0.9,12.5,  N 4-8,RL, VAR 4-8,SW,Tifeagle Bermudagrass
Sea Island Resort (Seaside) - 1 - 18,Medium,0.9,12.5,  N 4-8,DW, VAR 4-8,SW,Tifeagle Bermudagrass
Sea Island Resort (Seaside) - 2 - 1,Medium,0.9,12.5,  N 10-15,IW, NE 12-18,RL,Tifeagle Bermudagrass
Sea Island Resort (Seaside) - 2 - 2,Medium,0.9,12.5,  N 10-15,IW, NE 12-18,RL,Tifeagle Bermudagrass
Sea Island Resort (Seaside) - 2 - 3,Medium,0.9,12.5,  N 10-15,IW, NE 12-18,RL,Tifeagle Bermudagrass
Sea Island Resort (Seaside) - 2 - 4,Medium,0.9,12.5,  N 10-15,RL, NE 12-18,RL,Tifeagle Bermudagrass
Sea Island Resort (Seaside) - 2 - 5,Medium,0.9,12.5,  N 10-15,LR, NE 12-18,LR,Tifeagle Bermudagrass
Sea Island Resort (Seaside) - 2 - 6,Medium,0.9,12.5,  N 10-15,DW, NE 12-18,LR,Tifeagle Bermudagrass
Sea Island Resort (Seaside) - 2 - 7,Medium,0.9,12.5,  N 10-15,LR, NE 12-18,LR,Tifeagle Bermudagrass
Sea Island Resort (Seaside) - 2 - 8,Medium,0.9,12.5,  N 10-15,DW, NE 12-18,LR,Tifeagle Bermudagrass
Sea Island Resort (Seaside) - 2 - 9,Medium,0.9,12.5,  N 10-15,DW, NE 12-18,DW,Tifeagle Bermudagrass
Sea Island Resort (Seaside) - 2 - 10,Medium,0.9,12.5,  N 10-15,IW, NE 12-18,RL,Tifeagle Bermudagrass
Sea Island Resort (Seaside) - 2 - 11,Medium,0.9,12.5,  N 10-15,RL, NE 12-18,RL,Tifeagle Bermudagrass
Sea Island Resort (Seaside) - 2 - 12,Medium,0.9,12.5,  N 10-15,LR, NE 12-18,LR,Tifeagle Bermudagrass
Sea Island Resort (Seaside) - 2 - 13,Medium,0.9,12.5,  N 10-15,RL, NE 12-18,RL,Tifeagle Bermudagrass
Sea Island Resort (Seaside) - 2 - 14,Medium,0.9,12.5,  N 10-15,IW, NE 12-18,RL,Tifeagle Bermudagrass
Sea Island Resort (Seaside) - 2 - 15,Medium,0.9,12.5,  N 10-15,LR, NE 12-18,LR,Tifeagle Bermudagrass
Sea Island Resort (Seaside) - 2 - 16,Medium,0.9,12.5,  N 10-15,LR, NE 12-18,LR,Tifeagle Bermudagrass
Sea Island Resort (Seaside) - 2 - 17,Medium,0.9,12.5,  N 10-15,RL, NE 12-18,RL,Tifeagle Bermudagrass
Sea Island Resort (Seaside) - 2 - 18,Medium,0.9,12.5,  N 10-15,DW, NE 12-18,LR,Tifeagle Bermudagrass
Sea Island Resort (Seaside) - 3 - 1,Medium,0.9,12.5,  Calm,C, S 5-10,DW,Tifeagle Bermudagrass
Sea Island Resort (Seaside) - 3 - 2,Medium,0.9,12.5,  Calm,C, S 5-10,DW,Tifeagle Bermudagrass
Sea Island Resort (Seaside) - 3 - 3,Medium,0.9,12.5,  Calm,C, S 5-10,DW,Tifeagle Bermudagrass
Sea Island Resort (Seaside) - 3 - 4,Medium,0.9,12.5,  Calm,C, S 5-10,LR,Tifeagle Bermudagrass
Sea Island Resort (Seaside) - 3 - 5,Medium,0.9,12.5,  Calm,C, S 5-10,LR,Tifeagle Bermudagrass
Sea Island Resort (Seaside) - 3 - 6,Medium,0.9,12.5,  Calm,C, S 5-10,IW,Tifeagle Bermudagrass
Sea Island Resort (Seaside) - 3 - 7,Medium,0.9,12.5,  Calm,C, S 5-10,RL,Tifeagle Bermudagrass
Sea Island Resort (Seaside) - 3 - 8,Medium,0.9,12.5,  Calm,C, S 5-10,RL,Tifeagle Bermudagrass
Sea Island Resort (Seaside) - 3 - 9,Medium,0.9,12.5,  Calm,C, S 5-10,IW,Tifeagle Bermudagrass
Sea Island Resort (Seaside) - 3 - 10,Medium,0.9,12.5,  Calm,C, S 5-10,LR,Tifeagle Bermudagrass
Sea Island Resort (Seaside) - 3 - 11,Medium,0.9,12.5,  Calm,C, S 5-10,LR,Tifeagle Bermudagrass
Sea Island Resort (Seaside) - 3 - 12,Medium,0.9,12.5,  Calm,C, S 5-10,RL,Tifeagle Bermudagrass
Sea Island Resort (Seaside) - 3 - 13,Medium,0.9,12.5,  Calm,C, S 5-10,LR,Tifeagle Bermudagrass
Sea Island Resort (Seaside) - 3 - 14,Medium,0.9,12.5,  Calm,C, S 5-10,DW,Tifeagle Bermudagrass
Sea Island Resort (Seaside) - 3 - 15,Medium,0.9,12.5,  Calm,C, S 5-10,RL,Tifeagle Bermudagrass
Sea Island Resort (Seaside) - 3 - 16,Medium,0.9,12.5,  Calm,C, S 5-10,RL,Tifeagle Bermudagrass
Sea Island Resort (Seaside) - 3 - 17,Medium,0.9,12.5,  Calm,C, S 5-10,LR,Tifeagle Bermudagrass
Sea Island Resort (Seaside) - 3 - 18,Medium,0.9,12.5,  Calm,C, S 5-10,IW,Tifeagle Bermudagrass
Sea Island Resort (Seaside) - 4 - 1,Medium,0.9,12.5,  NW 10-20,LR, NW 10-15,LR,Tifeagle Bermudagrass
Sea Island Resort (Seaside) - 4 - 2,Medium,0.9,12.5,  NW 10-20,LR, NW 10-15,LR,Tifeagle Bermudagrass
Sea Island Resort (Seaside) - 4 - 3,Medium,0.9,12.5,  NW 10-20,LR, NW 10-15,LR,Tifeagle Bermudagrass
Sea Island Resort (Seaside) - 4 - 4,Medium,0.9,12.5,  NW 10-20,RL, NW 10-15,RL,Tifeagle Bermudagrass
Sea Island Resort (Seaside) - 4 - 5,Medium,0.9,12.5,  NW 10-20,RL, NW 10-15,RL,Tifeagle Bermudagrass
Sea Island Resort (Seaside) - 4 - 6,Medium,0.9,12.5,  NW 10-20,DW, NW 10-15,DW,Tifeagle Bermudagrass
Sea Island Resort (Seaside) - 4 - 7,Medium,0.9,12.5,  NW 10-20,DW, NW 10-15,DW,Tifeagle Bermudagrass
Sea Island Resort (Seaside) - 4 - 8,Medium,0.9,12.5,  NW 10-20,DW, NW 10-15,DW,Tifeagle Bermudagrass
Sea Island Resort (Seaside) - 4 - 9,Medium,0.9,12.5,  NW 10-20,RL, NW 10-15,RL,Tifeagle Bermudagrass
Sea Island Resort (Seaside) - 4 - 10,Medium,0.9,12.5,  NW 10-20,IW, NW 10-15,IW,Tifeagle Bermudagrass
Sea Island Resort (Seaside) - 4 - 11,Medium,0.9,12.5,  NW 10-20,IW, NW 10-15,IW,Tifeagle Bermudagrass
Sea Island Resort (Seaside) - 4 - 12,Medium,0.9,12.5,  NW 10-20,LR, NW 10-15,LR,Tifeagle Bermudagrass
Sea Island Resort (Seaside) - 4 - 13,Medium,0.9,12.5,  NW 10-20,RL, NW 10-15,RL,Tifeagle Bermudagrass
Sea Island Resort (Seaside) - 4 - 14,Medium,0.9,12.5,  NW 10-20,LR, NW 10-15,LR,Tifeagle Bermudagrass
Sea Island Resort (Seaside) - 4 - 15,Medium,0.9,12.5,  NW 10-20,DW, NW 10-15,DW,Tifeagle Bermudagrass
Sea Island Resort (Seaside) - 4 - 16,Medium,0.9,12.5,  NW 10-20,DW, NW 10-15,DW,Tifeagle Bermudagrass
Sea Island Resort (Seaside) - 4 - 17,Medium,0.9,12.5,  NW 10-20,RL, NW 10-15,RL,Tifeagle Bermudagrass
Sea Island Resort (Seaside) - 4 - 18,Medium,0.9,12.5,  NW 10-20,RL, NW 10-15,RL,Tifeagle Bermudagrass
